Time,Market
7/22/2010,2800793721
7/23/2010,2035922177
7/24/2010,2155641485
7/25/2010,1945934575
8/3/2010,216090
8/4/2010,2250874088
8/11/2010,2281693
8/17/2010,245137025
8/21/2010,24525475
8/22/2010,2431189493
8/23/2010,24751935
8/27/2010,2454432
8/31/2010,2479758773
9/5/2010,24415452
9/10/2010,24089205
9/12/2010,2446497612
9/13/2010,246405327
9/19/2010,245826669
9/21/2010,2558966436
9/23/2010,2530217925
9/29/2010,25658235
10/2/2010,2574431471
10/5/2010,256449518
10/7/2010,26468442
10/9/2010,3512394573
10/10/2010,392383275
10/11/2010,3847116
10/13/2010,3904227
10/14/2010,4348948125
10/20/2010,4260592875
10/24/2010,4711986
10/27/2010,6637356
11/1/2010,85715917
11/4/2010,8902017375
11/5/2010,9694703625
11/6/2010,1157530367
11/7/2010,1692730083
11/10/2010,9546750117
11/13/2010,1287898843
11/18/2010,102885604
11/23/2010,131715855
11/24/2010,1323838165
11/28/2010,1334394525
11/29/2010,13181913
11/30/2010,1020031989
12/1/2010,9940198875
12/3/2010,11908875
12/4/2010,1217370
12/6/2010,99552275
12/8/2010,1157190
12/9/2010,10922919
12/16/2010,1164606731
12/23/2010,1225164376
12/24/2010,123988125
12/27/2010,1250739275
12/29/2010,135493225
1/5/2011,1466710527
1/6/2011,151405689
1/7/2011,1509912073
1/13/2011,1641045685
1/17/2011,1994772728
1/18/2011,180527235
1/20/2011,1621890706
1/21/2011,2023941658
1/22/2011,2131754
1/23/2011,2313814433
1/24/2011,2213218108
1/26/2011,2152264732
1/29/2011,233987675
1/31/2011,2530586341
2/1/2011,2835351697
2/2/2011,3809073646
2/3/2011,3885551019
2/5/2011,4489490284
2/6/2011,4899598
2/8/2011,475653825
2/9/2011,472746686
2/10/2011,5503065428
2/11/2011,5160018042
2/12/2011,543554225
2/14/2011,563548675
2/15/2011,5739170027
2/16/2011,569454375
2/17/2011,567952275
2/18/2011,5645730737
2/19/2011,4963083462
2/20/2011,5015026341
2/22/2011,4714322236
2/23/2011,5000941044
2/26/2011,5119435077
2/27/2011,531036165
2/28/2011,4942692022
3/1/2011,4754655379
3/2/2011,512324617
3/4/2011,518114356
3/7/2011,48936195
3/8/2011,4855901596
3/9/2011,4804403137
3/12/2011,5019283508
3/13/2011,5092595244
3/16/2011,4932952484
3/17/2011,4841195963
3/18/2011,4844748713
3/19/2011,4465568594
3/20/2011,4431082221
3/21/2011,4355246529
3/22/2011,4310872631
3/23/2011,46439325
3/25/2011,5063441428
3/26/2011,5087551928
3/27/2011,4778373008
3/28/2011,47327735
3/29/2011,4577380828
3/30/2011,4590044466
3/31/2011,4556686403
4/1/2011,4516364559
4/2/2011,4504158334
4/4/2011,4541476475
4/5/2011,4025789682
4/6/2011,4373787483
4/7/2011,43877169
4/8/2011,4430494046
4/9/2011,4388603362
4/11/2011,4320384834
4/12/2011,4684253258
4/13/2011,50806005
4/14/2011,5496925047
4/15/2011,5831728981
4/16/2011,5768555576
4/17/2011,6113045799
4/18/2011,6792257746
4/19/2011,6915993228
4/20/2011,7082520067
4/21/2011,6851521822
4/22/2011,7185933904
4/23/2011,8227771026
4/24/2011,1026346333
4/25/2011,9917548523
4/26/2011,946457857
4/27/2011,1062286198
4/28/2011,1136625516
4/29/2011,1382854613
4/30/2011,1735364842
5/1/2011,21212625
5/2/2011,1866628412
5/3/2011,19455920
5/4/2011,2109283192
5/5/2011,2083985663
5/6/2011,2036348132
5/7/2011,2104008546
5/8/2011,223891064
5/9/2011,2336787583
5/10/2011,2360415866
5/11/2011,3483376339
5/12/2011,3319269878
5/13/2011,3999678643
5/14/2011,5011909747
5/15/2011,4516369483
5/16/2011,4603157524
5/17/2011,4913759426
5/18/2011,4540050803
5/19/2011,4258031201
5/20/2011,436447665
5/22/2011,3866762286
5/23/2011,4254009292
5/24/2011,4512871225
5/25/2011,4683735245
5/26/2011,525406481
5/27/2011,5550479367
5/28/2011,5427247481
5/29/2011,5322608089
5/30/2011,5318367441
5/31/2011,5596913505
6/1/2011,5472472488
6/2/2011,6145942458
6/3/2011,6914337039
6/4/2011,9095670938
6/5/2011,1186170941
6/6/2011,1074761218
6/7/2011,1197996564
6/8/2011,1499130652
6/9/2011,1950004654
6/10/2011,1861977163
6/11/2011,1555237964
6/12/2011,9687891164
6/13/2011,1195920532
6/14/2011,1306878792
6/15/2011,1293831464
6/16/2011,1268172847
6/17/2011,1133026521
6/18/2011,105496593
6/19/2011,1139223356
6/21/2011,
6/22/2011,
6/23/2011,
6/24/2011,
6/25/2011,
6/26/2011,
6/27/2011,
6/28/2011,
6/29/2011,
6/30/2011,
7/1/2011,
7/2/2011,
7/3/2011,
7/4/2011,
7/5/2011,
7/6/2011,
7/7/2011,
7/8/2011,
7/9/2011,
7/10/2011,
7/11/2011,
7/12/2011,
7/13/2011,
7/14/2011,
7/15/2011,
7/16/2011,
7/17/2011,
7/18/2011,
7/19/2011,
7/20/2011,
7/21/2011,
7/22/2011,
7/23/2011,
7/24/2011,
7/25/2011,
7/26/2011,
7/27/2011,
7/28/2011,
7/29/2011,
7/30/2011,
7/31/2011,
8/1/2011,
8/2/2011,
8/3/2011,
8/4/2011,
8/5/2011,
8/6/2011,
8/7/2011,
8/8/2011,
8/9/2011,
8/10/2011,
8/11/2011,
8/12/2011,
8/13/2011,
8/14/2011,
8/15/2011,
8/16/2011,
8/17/2011,
8/18/2011,
8/19/2011,
8/20/2011,
8/21/2011,
8/22/2011,
8/23/2011,
8/24/2011,
8/25/2011,
8/26/2011,
8/27/2011,
8/28/2011,
8/29/2011,
8/30/2011,
8/31/2011,
9/1/2011,
9/2/2011,
9/3/2011,
9/4/2011,
9/5/2011,
9/6/2011,
9/7/2011,
9/8/2011,
9/9/2011,
9/10/2011,
9/11/2011,
9/12/2011,
9/13/2011,4463470023
9/14/2011,
9/15/2011,
9/16/2011,
9/17/2011,
9/18/2011,
9/19/2011,
9/20/2011,
9/21/2011,
9/22/2011,
9/23/2011,
9/24/2011,
9/25/2011,
9/26/2011,
9/27/2011,
9/28/2011,
9/29/2011,
9/30/2011,
10/1/2011,
10/2/2011,
10/3/2011,
10/4/2011,
10/5/2011,
10/6/2011,
10/7/2011,
10/8/2011,
10/9/2011,
10/10/2011,
10/11/2011,36483440
10/12/2011,
10/13/2011,
10/14/2011,
10/15/2011,
10/16/2011,
10/17/2011,
10/18/2011,
10/19/2011,
10/20/2011,
10/21/2011,
10/22/2011,
10/23/2011,
10/24/2011,
10/25/2011,
10/26/2011,
10/27/2011,
10/28/2011,
10/29/2011,
10/30/2011,
10/31/2011,
11/1/2011,
11/2/2011,
11/3/2011,
11/4/2011,
11/5/2011,
11/6/2011,
11/7/2011,
11/8/2011,
11/9/2011,
11/10/2011,
11/11/2011,
11/12/2011,
11/13/2011,
11/14/2011,
11/15/2011,
11/16/2011,
11/17/2011,
11/18/2011,
11/19/2011,
11/20/2011,
11/21/2011,
11/22/2011,
11/23/2011,
11/24/2011,
11/25/2011,
11/26/2011,
11/27/2011,
11/28/2011,
11/29/2011,
11/30/2011,
12/1/2011,
12/2/2011,2398879928
12/3/2011,2423033552
12/4/2011,2170809295
12/5/2011,218531325
12/6/2011,2273616736
12/7/2011,2355462388
12/8/2011,2342823828
12/9/2011,2358969773
12/10/2011,2337983936
12/11/2011,2426731666
12/12/2011,2570032741
12/13/2011,2507260821
12/14/2011,
12/15/2011,2470414804
12/16/2011,2527917903
12/17/2011,2522125823
12/18/2011,251971727
12/19/2011,2527781648
12/20/2011,2770963286
12/21/2011,3108826755
12/22/2011,307453725
12/23/2011,3067315669
12/24/2011,3120980038
12/25/2011,3136620067
12/26/2011,3341946657
12/27/2011,3206781389
12/28/2011,3253484074
12/29/2011,3348561818
12/30/2011,3358188688
12/31/2011,3399738426
1/1/2012,377256994
1/2/2012,4222453371
1/3/2012,4137152549
1/4/2012,3897417057
1/5/2012,4656869261
1/6/2012,5692092861
1/7/2012,5330500463
1/8/2012,5464769353
1/9/2012,5717079587
1/10/2012,5088161099
1/11/2012,5263135568
1/12/2012,5584628773
1/13/2012,5464994207
1/14/2012,5149277932
1/15/2012,5558373419
1/16/2012,5672507089
1/17/2012,541256162
1/18/2012,468991145
1/19/2012,4840431608
1/20/2012,5178372339
1/21/2012,5304336285
1/22/2012,5043072458
1/23/2012,5147897038
1/24/2012,5214223837
1/25/2012,5152938506
1/26/2012,4749604943
1/27/2012,4402092304
1/28/2012,4359494862
1/29/2012,4627193051
1/30/2012,4441866468
1/31/2012,4550503763
2/1/2012,4558924766
2/2/2012,5010328136
2/3/2012,4908907018
2/4/2012,4896180732
2/5/2012,4801046119
2/6/2012,4578371662
2/7/2012,4561420675
2/8/2012,4729000698
2/9/2012,4681921814
2/10/2012,4869259777
2/11/2012,4918437879
2/12/2012,4615121876
2/13/2012,4690333225
2/14/2012,4430007515
2/15/2012,3765275784
2/16/2012,3487701091
2/17/2012,3589739032
2/18/2012,3691105372
2/19/2012,3596327823
2/20/2012,3680936875
2/21/2012,3680583115
2/22/2012,3623055409
2/23/2012,3767224495
2/24/2012,4240675956
2/25/2012,4228369011
2/26/2012,403618261
2/27/2012,4167888351
2/28/2012,4187475368
2/29/2012,4107380521
3/1/2012,4130231922
3/2/2012,417753017
3/3/2012,3991835746
3/4/2012,3937641882
3/5/2012,4103534539
3/6/2012,4231023349
3/7/2012,4242713871
3/8/2012,4218677908
3/9/2012,4183314331
3/10/2012,4165536884
3/11/2012,4123703431
3/12/2012,4197818855
3/13/2012,4202385497
3/14/2012,4512714552
3/15/2012,4629845612
3/16/2012,4604189346
3/17/2012,4585235249
3/18/2012,449297975
3/19/2012,454381563
3/20/2012,4053634962
3/21/2012,4129283027
3/22/2012,4155668838
3/23/2012,4024345821
3/24/2012,406024273
3/25/2012,4026991843
3/26/2012,3950862156
3/27/2012,394113892
3/28/2012,4164741191
3/29/2012,4126328449
3/30/2012,4171325632
3/31/2012,4225630235
4/1/2012,4262867053
4/2/2012,4154164493
4/3/2012,4291206041
4/4/2012,4311348791
4/5/2012,4281753457
4/6/2012,4281933455
4/7/2012,4320431119
4/8/2012,408339073
4/9/2012,4183346421
4/10/2012,4244417392
4/11/2012,424030567
4/12/2012,4318379926
4/13/2012,4308725903
4/14/2012,4370009889
4/15/2012,4351373524
4/16/2012,4356103111
4/17/2012,4359491533
4/18/2012,4415740299
4/19/2012,45373236
4/20/2012,4548574189
4/21/2012,4747032091
4/22/2012,4658823827
4/23/2012,4597112296
4/24/2012,44263952
4/25/2012,4517950458
4/26/2012,4570519256
4/27/2012,4520094668
4/28/2012,4525779796
4/29/2012,4365382736
4/30/2012,436145714
5/1/2012,4401255751
5/2/2012,4501180451
5/3/2012,4504446132
5/4/2012,4586943451
5/5/2012,45413926
5/6/2012,452742871
5/7/2012,4479629476
5/8/2012,454681899
5/9/2012,451250919
5/10/2012,4532406975
5/11/2012,4389549096
5/12/2012,4448006316
5/13/2012,4462869204
5/14/2012,4447274682
5/15/2012,4512955672
5/16/2012,4535283609
5/17/2012,4592138097
5/18/2012,4595870185
5/19/2012,4626593483
5/20/2012,4630316268
5/21/2012,4613015576
5/22/2012,4617057055
5/23/2012,4619909739
5/24/2012,4637785078
5/25/2012,464862357
5/26/2012,4653857133
5/27/2012,4642146356
5/28/2012,4662082219
5/29/2012,4662025235
5/30/2012,4669758141
5/31/2012,4680062752
6/1/2012,4746789509
6/2/2012,4799854663
6/3/2012,4783677733
6/4/2012,4763702127
6/5/2012,4853765804
6/6/2012,4983795134
6/7/2012,5008152788
6/8/2012,5123484901
6/9/2012,5169754984
6/10/2012,5101972397
6/11/2012,5032809147
6/12/2012,5085467626
6/13/2012,5273787616
6/14/2012,5460051565
6/15/2012,5465935098
6/16/2012,5914937785
6/17/2012,5955947038
6/18/2012,5694761839
6/19/2012,583398637
6/20/2012,6023635479
6/21/2012,6231012723
6/22/2012,6189503832
6/23/2012,6104268157
6/24/2012,5982060642
6/25/2012,5908738024
6/26/2012,5861931508
6/27/2012,5990228293
6/28/2012,6153593313
6/29/2012,6156572746
6/30/2012,6177817277
7/1/2012,6238351589
7/2/2012,6205846296
7/3/2012,6302160213
7/4/2012,6078670426
7/5/2012,6105846961
7/6/2012,6233440573
7/7/2012,6290719426
7/8/2012,6350727983
7/9/2012,6408959568
7/10/2012,6643592398
7/11/2012,6786853197
7/12/2012,6776329763
7/13/2012,7196661243
7/14/2012,7218964667
7/15/2012,7113958445
7/16/2012,7250806552
7/17/2012,822424009
7/18/2012,8433521813
7/19/2012,8663990537
7/20/2012,7846141233
7/21/2012,7863233381
7/22/2012,8323955156
7/23/2012,771690733
7/24/2012,8151040475
7/25/2012,8137844019
7/26/2012,8313737101
7/27/2012,851147646
7/28/2012,8510350619
7/29/2012,8459825571
7/30/2012,8372481705
7/31/2012,8706037591
8/1/2012,8949240224
8/2/2012,9166103954
8/3/2012,1019927885
8/4/2012,1029126889
8/5/2012,1011255238
8/6/2012,1033178746
8/7/2012,1039518016
8/8/2012,1070823201
8/9/2012,1067107231
8/10/2012,1079632916
8/11/2012,1109280448
8/12/2012,1113992224
8/13/2012,1132965331
8/14/2012,1165236151
8/15/2012,1185435757
8/16/2012,1293855037
8/17/2012,1316201116
8/18/2012,1148411875
8/19/2012,1115754815
8/20/2012,8392299284
8/21/2012,9726683588
8/22/2012,9770575975
8/23/2012,9603347916
8/24/2012,9866202677
8/25/2012,1030659229
8/26/2012,1034487565
8/27/2012,1038268467
8/28/2012,107181889
8/29/2012,1069723692
8/30/2012,1068037403
8/31/2012,1055618543
9/1/2012,1000017989
9/2/2012,9788971997
9/3/2012,1003651532
9/4/2012,1034618763
9/5/2012,1021238622
9/6/2012,1080180825
9/7/2012,1099468143
9/8/2012,108883291
9/9/2012,1095712519
9/10/2012,1095822946
9/11/2012,1103437863
9/12/2012,1094996427
9/13/2012,1123268346
9/14/2012,1129153049
9/15/2012,1162295264
9/16/2012,1176384853
9/17/2012,1185715013
9/18/2012,1186114288
9/19/2012,1218453901
9/20/2012,1254704012
9/21/2012,1235987246
9/22/2012,1231039869
9/23/2012,1219627587
9/24/2012,1223799767
9/25/2012,1210043686
9/26/2012,1212571684
9/27/2012,1238136955
9/28/2012,1235134585
9/29/2012,1245980345
9/30/2012,1245992995
10/1/2012,124700183
10/2/2012,1248208628
10/3/2012,1287810377
10/4/2012,1305716805
10/5/2012,1301526664
10/6/2012,1292633318
10/7/2012,1253720878
10/8/2012,1202734239
10/9/2012,1196825203
10/10/2012,1204655113
10/11/2012,1229015422
10/12/2012,1227695684
10/13/2012,1217903166
10/14/2012,1210121557
10/15/2012,1190000322
10/16/2012,1213741299
10/17/2012,1208033045
10/18/2012,1214554987
10/19/2012,1215509532
10/20/2012,1199876525
10/21/2012,1197057386
10/22/2012,119014722
10/23/2012,1199494675
10/24/2012,1197650915
10/25/2012,118790263
10/26/2012,1109745715
10/27/2012,1041783337
10/28/2012,1059394275
10/29/2012,1106091965
10/30/2012,1061459703
10/31/2012,1123864907
11/1/2012,1143024127
11/2/2012,1096988553
11/3/2012,1075702285
11/4/2012,1095897035
11/5/2012,1114622646
11/6/2012,110707040
11/7/2012,1121421512
11/8/2012,1129716257
11/9/2012,1126536923
11/10/2012,112184175
11/11/2012,1126902238
11/12/2012,1123717111
11/13/2012,1147534908
11/14/2012,1141888059
11/15/2012,1144108375
11/16/2012,1165734422
11/17/2012,1219584126
11/18/2012,1225818109
11/19/2012,1213851122
11/20/2012,1222469198
11/21/2012,1225194393
11/22/2012,1226658611
11/23/2012,1282142477
11/24/2012,1291606447
11/25/2012,1297953797
11/26/2012,1309334958
11/27/2012,1277253983
11/28/2012,1279748542
11/29/2012,1292729661
11/30/2012,1314999684
12/1/2012,1320309969
12/2/2012,1322715967
12/3/2012,1316398914
12/4/2012,132958066
12/5/2012,1398048224
12/6/2012,1396677951
12/7/2012,1382025239
12/8/2012,141623770
12/9/2012,1413942693
12/10/2012,1404702228
12/11/2012,1408541068
12/12/2012,1429941458
12/13/2012,1443521911
12/14/2012,1441780215
12/15/2012,1431158982
12/16/2012,1429626351
12/17/2012,1410182135
12/18/2012,1405891896
12/19/2012,1399681794
12/20/2012,1433862597
12/21/2012,142861787
12/22/2012,1422035852
12/23/2012,1396541057
12/24/2012,1403626058
12/25/2012,1414666716
12/26/2012,1414798864
12/27/2012,1417723651
12/28/2012,1420387698
12/29/2012,1435496805
12/30/2012,1417523391
12/31/2012,1428804758
1/1/2013,143547462
1/2/2013,1413571249
1/3/2013,1412742727
1/4/2013,141830562
1/5/2013,143229548
1/6/2013,1427030503
1/7/2013,1429150773
1/8/2013,144045520
1/9/2013,1455284264
1/10/2013,1469039236
1/11/2013,1501223845
1/12/2013,1510998769
1/13/2013,1515395042
1/14/2013,150530019
1/15/2013,1524296747
1/16/2013,1519532123
1/17/2013,1567187635
1/18/2013,1673092521
1/19/2013,1677309723
1/20/2013,1660891211
1/21/2013,1672513147
1/22/2013,1796986211
1/23/2013,1858222212
1/24/2013,189602096
1/25/2013,1774374176
1/26/2013,1842205072
1/27/2013,1884062138
1/28/2013,1908430603
1/29/2013,2009155495
1/30/2013,2079054827
1/31/2013,2112410057
2/1/2013,2213542812
2/2/2013,2178049837
2/3/2013,2103674894
2/4/2013,2208562568
2/5/2013,2209607568
2/6/2013,2225494986
2/7/2013,2251647024
2/8/2013,2380852681
2/9/2013,243656071
2/10/2013,255718750
2/11/2013,2576124857
2/12/2013,2630549384
2/13/2013,2713843526
2/14/2013,2482996569
2/15/2013,2928228195
2/16/2013,293076673
2/17/2013,2947580808
2/18/2013,2882781059
2/19/2013,2907575042
2/20/2013,3172445624
2/21/2013,3215789244
2/22/2013,3219685274
2/23/2013,3273859906
2/24/2013,3207676417
2/25/2013,3222769619
2/26/2013,3280290019
2/27/2013,3356207034
2/28/2013,3457696341
3/1/2013,3614139984
3/2/2013,3744535233
3/3/2013,3714228533
3/4/2013,3731984341
3/5/2013,3948326949
3/6/2013,4417520618
3/7/2013,4084676652
3/8/2013,4557632125
3/9/2013,4771160231
3/10/2013,5084530877
3/11/2013,5032553048
3/12/2013,5202423399
3/13/2013,4823059411
3/14/2013,5116889474
3/15/2013,5122693107
3/16/2013,5096296577
3/17/2013,5147075274
3/18/2013,5181149316
3/19/2013,5533833337
3/20/2013,6482359275
3/21/2013,7013314684
3/22/2013,775655499
3/23/2013,7638709135
3/24/2013,6957598426
3/25/2013,7713117046
3/26/2013,8078994061
3/27/2013,861958154
3/28/2013,9773245982
3/29/2013,9391526524
3/30/2013,9854266038
3/31/2013,1011517340
4/1/2013,1022721448
4/2/2013,1135798970
4/3/2013,1286176036
4/4/2013,1405463695
4/5/2013,1447057788
4/6/2013,1563283751
4/7/2013,1574031317
4/8/2013,1821127375
4/9/2013,2070392407
4/10/2013,2528037326
4/11/2013,1921092664
4/12/2013,8535044451
4/13/2013,1336580894
4/14/2013,1030345682
4/15/2013,1009369085
4/16/2013,8904396751
4/17/2013,7348135288
4/18/2013,1036513534
4/19/2013,1195803537
4/20/2013,1299187150
4/21/2013,1420242063
4/22/2013,1343622790
4/23/2013,1407691676
4/24/2013,1578197185
4/25/2013,1715115522
4/26/2013,1563964201
4/27/2013,1516410392
4/28/2013,1440142531
4/29/2013,1494178492
4/30/2013,1592133073
5/1/2013,1538817512
5/2/2013,1259823434
5/3/2013,1173669264
5/4/2013,1069053590
5/5/2013,1249765275
5/6/2013,1290678642
5/7/2013,1244199491
5/8/2013,1227552491
5/9/2013,1244840899
5/10/2013,1248390919
5/11/2013,1309911854
5/12/2013,1288679454
5/13/2013,1285468746
5/14/2013,1308991138
5/15/2013,1189731088
5/16/2013,1275364978
5/17/2013,1313153950
5/18/2013,1371258053
5/19/2013,1374308918
5/20/2013,1364656650
5/21/2013,1361997335
5/22/2013,1366567901
5/23/2013,1378084192
5/24/2013,1411691910
5/25/2013,1482232987
5/26/2013,1468894023
5/27/2013,1493863438
5/28/2013,1443831385
5/29/2013,1446928955
5/30/2013,1473827867
5/31/2013,1434552092
6/1/2013,1446263919
6/2/2013,1446701964
6/3/2013,1362540409
6/4/2013,1368923408
6/5/2013,1363338323
6/6/2013,1367559513
6/7/2013,1330390934
6/8/2013,1245577829
6/9/2013,1222718098
6/10/2013,1126091074
6/11/2013,1190626796
6/12/2013,1216192563
6/13/2013,1224419652
6/14/2013,1159760608
6/15/2013,1113295101
6/16/2013,1129433172
6/17/2013,1123865584
6/18/2013,1147337947
6/19/2013,1198044962
6/20/2013,1221216310
6/21/2013,1241429573
6/22/2013,1229942764
6/23/2013,1211297150
6/24/2013,1210679243
6/25/2013,1157208214
6/26/2013,1162764557
6/27/2013,1167382909
6/28/2013,1137019496
6/29/2013,1057442604
6/30/2013,1066723574
7/1/2013,1093682689
7/2/2013,1007625243
7/3/2013,1025569301
7/4/2013,9053575556
7/5/2013,9022833577
7/6/2013,7732634195
7/7/2013,775392468
7/8/2013,8586397516
7/9/2013,8659318312
7/10/2013,8706164178
7/11/2013,1011308035
7/12/2013,1011807755
7/13/2013,1044912319
7/14/2013,1100699019
7/15/2013,1059824104
7/16/2013,1117911649
7/17/2013,1106011170
7/18/2013,1108909241
7/19/2013,1024996118
7/20/2013,1041519127
7/21/2013,1016142640
7/22/2013,1033189333
7/23/2013,1044034695
7/24/2013,1079274233
7/25/2013,1076502628
7/26/2013,1095920828
7/27/2013,1091844359
7/28/2013,1071061534
7/29/2013,1134165335
7/30/2013,1143817259
7/31/2013,1206848327
8/1/2013,1200962048
8/2/2013,1183076021
8/3/2013,1179862192
8/4/2013,1182783783
8/5/2013,1191808383
8/6/2013,1208949949
8/7/2013,1207207880
8/8/2013,1202731346
8/9/2013,1179496603
8/10/2013,1162865833
8/11/2013,1167477636
8/12/2013,1183328423
8/13/2013,1199554799
8/14/2013,1227117317
8/15/2013,1269497003
8/16/2013,1232240817
8/17/2013,1228510110
8/18/2013,1265101126
8/19/2013,1279760940
8/20/2013,1335458595
8/21/2013,1386645187
8/22/2013,1379912025
8/23/2013,1381194853
8/24/2013,1350003152
8/25/2013,1361503527
8/26/2013,1391373246
8/27/2013,1384757143
8/28/2013,1489038038
8/29/2013,1460630196
8/30/2013,1466081230
8/31/2013,1571732380
9/1/2013,1590334044
9/2/2013,1604889059
9/3/2013,1642392266
9/4/2013,1634995269
9/5/2013,1489197688
9/6/2013,1504816277
9/7/2013,1403521222
9/8/2013,1474110405
9/9/2013,1449999757
9/10/2013,1511653147
9/11/2013,1550729112
9/12/2013,1650415723
9/13/2013,1602333268
9/14/2013,1607252402
9/15/2013,1557086475
9/16/2013,1582188462
9/17/2013,1587728147
9/18/2013,1593257535
9/19/2013,1588979925
9/20/2013,1545634198
9/21/2013,1521784967
9/22/2013,1531514100
9/23/2013,1537867584
9/24/2013,1531044068
9/25/2013,1546060239
9/26/2013,1552510676
9/27/2013,1567966603
9/28/2013,1592145656
9/29/2013,1633408061
9/30/2013,1642140800
10/1/2013,1637787193
10/2/2013,1607898305
10/3/2013,1383859702
10/4/2013,1491623870
10/5/2013,1566751310
10/6/2013,1567154122
10/7/2013,1565720066
10/8/2013,1566432815
10/9/2013,1581406362
10/10/2013,1586009734
10/11/2013,1596564934
10/12/2013,1597503080
10/13/2013,1614583953
10/14/2013,1674057438
10/15/2013,1719156078
10/16/2013,1797149781
10/17/2013,1748442131
10/18/2013,1809508117
10/19/2013,1925959538
10/20/2013,2109674437
10/21/2013,2138464580
10/22/2013,2238541384
10/23/2013,2361963901
10/24/2013,2607336925
10/25/2013,2383817405
10/26/2013,2276332972
10/27/2013,2227816469
10/28/2013,2391407290
10/29/2013,2412728634
10/30/2013,2504188497
10/31/2013,2437346125
11/1/2013,2486614648
11/2/2013,2494139841
11/3/2013,2504416885
11/4/2013,2610825632
11/5/2013,2783164081
11/6/2013,2981403684
11/7/2013,3170659321
11/8/2013,3631087931
11/9/2013,4185807625
11/10/2013,4117772003
11/11/2013,3962839427
11/12/2013,4283678324
11/13/2013,4463259612
11/14/2013,5101870320
11/15/2013,5149114269
11/16/2013,5125419610
11/17/2013,5431096197
11/18/2013,6098868422
11/19/2013,9135473985
11/20/2013,6806604160
11/21/2013,7414413734
11/22/2013,8892978363
11/23/2013,9666772713
11/24/2013,10000418264
11/25/2013,9654996196
11/26/2013,9920468888
11/27/2013,11352645381
11/28/2013,12489712910
11/29/2013,12651700830
11/30/2013,14136993230
12/1/2013,14150251018
12/2/2013,12072992380
12/3/2013,12914171986
12/4/2013,13532107677
12/5/2013,14362387383
12/6/2013,12753512630
12/7/2013,10281759413
12/8/2013,8513141375
12/9/2013,9589778486
12/10/2013,11267546577
12/11/2013,12333542118
12/12/2013,10973686208
12/13/2013,10699829014
12/14/2013,11031431142
12/15/2013,10680756310
12/16/2013,10749144569
12/17/2013,8743951378
12/18/2013,8300493011
12/19/2013,6561474944
12/20/2013,8316307844
12/21/2013,7736381414
12/22/2013,7448323389
12/23/2013,7667821645
12/24/2013,8436050016
12/25/2013,8241552888
12/26/2013,8587336102
12/27/2013,9621740354
12/28/2013,9289770583
12/29/2013,9094560207
12/30/2013,9256429677
12/31/2013,9396361281
1/1/2014,9493210351
1/2/2014,9596815665
1/3/2014,10111134030
1/4/2014,10260449413
1/5/2014,10898071133
1/6/2014,11855143021
1/7/2014,11934526852
1/8/2014,10176439429
1/9/2014,10901257060
1/10/2014,10745165141
1/11/2014,11078018339
1/12/2014,11772016992
1/13/2014,10850210322
1/14/2014,10684516658
1/15/2014,10650780233
1/16/2014,11011293004
1/17/2014,10596586644
1/18/2014,10505979484
1/19/2014,10616684257
1/20/2014,10980137375
1/21/2014,11038765047
1/22/2014,11018761014
1/23/2014,10863055906
1/24/2014,10736136641
1/25/2014,10368842741
1/26/2014,10854528490
1/27/2014,11257672475
1/28/2014,10362819515
1/29/2014,10611851282
1/30/2014,10612297137
1/31/2014,10682133369
2/1/2014,10626869426
2/2/2014,10614024742
2/3/2014,10713293403
2/4/2014,10538002148
2/5/2014,10502290933
2/6/2014,10138530155
2/7/2014,9719101894
2/8/2014,8580275958
2/9/2014,8246277259
2/10/2014,8463144785
2/11/2014,8087847873
2/12/2014,8040104571
2/13/2014,7706048598
2/14/2014,6905370525
2/15/2014,7288715685
2/16/2014,6865866166
2/17/2014,6004180882
2/18/2014,6087963595
2/19/2014,6025811162
2/20/2014,5776915506
2/21/2014,4224805620
2/22/2014,4539366003
2/23/2014,5594843651
2/24/2014,5799331850
2/25/2014,4164461069
2/26/2014,6683611108
2/27/2014,7388067402
2/28/2014,7295718982
3/1/2014,6782187161
3/2/2014,7076304433
3/3/2014,7095355087
3/4/2014,8457849735
3/5/2014,8442247221
3/6/2014,8375773656
3/7/2014,8330770578
3/8/2014,7868234698
3/9/2014,7696556051
3/10/2014,7980738361
3/11/2014,7867704520
3/12/2014,7923109702
3/13/2014,7942837902
3/14/2014,8030441304
3/15/2014,7883289280
3/16/2014,7959084871
3/17/2014,7927925311
3/18/2014,7794460597
3/19/2014,7730368021
3/20/2014,7623914820
3/21/2014,7370356119
3/22/2014,7132439115
3/23/2014,7056049257
3/24/2014,6999434639
3/25/2014,7295974025
3/26/2014,7237804581
3/27/2014,7260369787
3/28/2014,6029730633
3/29/2014,6345555426
3/30/2014,6122297418
3/31/2014,5841913968
4/1/2014,5745923607
4/2/2014,6023406471
4/3/2014,5413832128
4/4/2014,5576979966
4/5/2014,5633922168
4/6/2014,5844722181
4/7/2014,5807676725
4/8/2014,5648049379
4/9/2014,5706540723
4/10/2014,5576475498
4/11/2014,4481315922
4/12/2014,5411397116
4/13/2014,5358843184
4/14/2014,5231296045
4/15/2014,5817675623
4/16/2014,6539450725
4/17/2014,6725353900
4/18/2014,6282495689
4/19/2014,6066214578
4/20/2014,6391666988
4/21/2014,6362632702
4/22/2014,6322997150
4/23/2014,6238195812
4/24/2014,6236445303
4/25/2014,6342180432
4/26/2014,5863046164
4/27/2014,5840704858
4/28/2014,5457110011
4/29/2014,5624134793
4/30/2014,5652490304
5/1/2014,5725116715
5/2/2014,5858536534
5/3/2014,5727248915
5/4/2014,5588691019
5/5/2014,5590464147
5/6/2014,5471714012
5/7/2014,5488368742
5/8/2014,5627066208
5/9/2014,5626442493
5/10/2014,5778646658
5/11/2014,5816811136
5/12/2014,5593894038
5/13/2014,5603551601
5/14/2014,5611176390
5/15/2014,5686290499
5/16/2014,5701839490
5/17/2014,5719002236
5/18/2014,5730647726
5/19/2014,5705123542
5/20/2014,5707404796
5/21/2014,6325209426
5/22/2014,6313582186
5/23/2014,6846989924
5/24/2014,6715709445
5/25/2014,6806110693
5/26/2014,7290883637
5/27/2014,7495767740
5/28/2014,7339679606
5/29/2014,7434796875
5/30/2014,7358086251
5/31/2014,7943997919
6/1/2014,8019732101
6/2/2014,8136850094
6/3/2014,8550561726
6/4/2014,8557561284
6/5/2014,8255076778
6/6/2014,8462245031
6/7/2014,8334218288
6/8/2014,8453050823
6/9/2014,8459820759
6/10/2014,8357544548
6/11/2014,8398678678
6/12/2014,8104585656
6/13/2014,7650422563
6/14/2014,7664970142
6/15/2014,7351193197
6/16/2014,7591599149
6/17/2014,7577796931
6/18/2014,7923917593
6/19/2014,7847189569
6/20/2014,7664079684
6/21/2014,7631413070
6/22/2014,7659022998
6/23/2014,7772521535
6/24/2014,7598721733
6/25/2014,7475920019
6/26/2014,7276846143
6/27/2014,7533570638
6/28/2014,7748540516
6/29/2014,7682172226
6/30/2014,7755692254
7/1/2014,8354277453
7/2/2014,8325420726
7/3/2014,8404149284
7/4/2014,8384592113
7/5/2014,8172910354
7/6/2014,8204423917
7/7/2014,8221212609
7/8/2014,8096176045
7/9/2014,8122808869
7/10/2014,8103641064
7/11/2014,8014721192
7/12/2014,8250221102
7/13/2014,8285259068
7/14/2014,8192521551
7/15/2014,8079137841
7/16/2014,8100725494
7/17/2014,8025706519
7/18/2014,8102113703
7/19/2014,8186967251
7/20/2014,8164377768
7/21/2014,8119692913
7/22/2014,8079262607
7/23/2014,8066381323
7/24/2014,8068825936
7/25/2014,7881273947
7/26/2014,7843021743
7/27/2014,7795466734
7/28/2014,7744338639
7/29/2014,7656739479
7/30/2014,7613423911
7/31/2014,7336563267
8/1/2014,7631172699
8/2/2014,7794105455
8/3/2014,7700587226
8/4/2014,7696103719
8/5/2014,7705317212
8/6/2014,7635189817
8/7/2014,7633167189
8/8/2014,7691974656
8/9/2014,7713189221
8/10/2014,7729939123
8/11/2014,7734946522
8/12/2014,7512909021
8/13/2014,7489964802
8/14/2014,7162558687
8/15/2014,6721676663
8/16/2014,6535685290
8/17/2014,6851424468
8/18/2014,6630139291
8/19/2014,6100264310
8/20/2014,6437740614
8/21/2014,6821035565
8/22/2014,6860801863
8/23/2014,6773281983
8/24/2014,6581534738
8/25/2014,6692528341
8/26/2014,6638257869
8/27/2014,6781207380
8/28/2014,6769206999
8/29/2014,6688109317
8/30/2014,6707468503
8/31/2014,6611437211
9/1/2014,6351934226
9/2/2014,6251971238
9/3/2014,6275851141
9/4/2014,6259932457
9/5/2014,6448957576
9/6/2014,6349838650
9/7/2014,6379474199
9/8/2014,6319657111
9/9/2014,6229180769
9/10/2014,6287542549
9/11/2014,6343697414
9/12/2014,6318470131
9/13/2014,6281991982
9/14/2014,6334888370
9/15/2014,6319416639
9/16/2014,6233934456
9/17/2014,6159781704
9/18/2014,5993401421
9/19/2014,5631783242
9/20/2014,5220932057
9/21/2014,5471013591
9/22/2014,5325531008
9/23/2014,5355655465
9/24/2014,5829526182
9/25/2014,5641761017
9/26/2014,5476354121
9/27/2014,5370964408
9/28/2014,5335976006
9/29/2014,5007736714
9/30/2014,4990582875
10/1/2014,5163807633
10/2/2014,5110866886
10/3/2014,4960065274
10/4/2014,4787946103
10/5/2014,4400196329
10/6/2014,4240773516
10/7/2014,4404517957
10/8/2014,4445242960
10/9/2014,4755157476
10/10/2014,4886714297
10/11/2014,4809443875
10/12/2014,4844011524
10/13/2014,5013418898
10/14/2014,5277442803
10/15/2014,5357369397
10/16/2014,5317907824
10/17/2014,5098359943
10/18/2014,5090653176
10/19/2014,5224521148
10/20/2014,5199652637
10/21/2014,5096223833
10/22/2014,5159742156
10/23/2014,5123054453
10/24/2014,4781793138
10/25/2014,4810350486
10/26/2014,4652573102
10/27/2014,4736610932
10/28/2014,4724105807
10/29/2014,4751544473
10/30/2014,4514434537
10/31/2014,4629676064
11/1/2014,4541470141
11/2/2014,4367167473
11/3/2014,4364060297
11/4/2014,4369136494
11/5/2014,4510236895
11/6/2014,4544619789
11/7/2014,4695614520
11/8/2014,4619443724
11/9/2014,4648834435
11/10/2014,4874091004
11/11/2014,4944231099
11/12/2014,4991355635
11/13/2014,5808113512
11/14/2014,5599019777
11/15/2014,5465425001
11/16/2014,5064013840
11/17/2014,5354952365
11/18/2014,5279153084
11/19/2014,5083395232
11/20/2014,5130893139
11/21/2014,4760165087
11/22/2014,4769651848
11/23/2014,4776790440
11/24/2014,4996877100
11/25/2014,5143904796
11/26/2014,5048911883
11/27/2014,5028209389
11/28/2014,5015452566
11/29/2014,5100469817
11/30/2014,5081084788
12/1/2014,5138186624
12/2/2014,5149975612
12/3/2014,5194539439
12/4/2014,5106451014
12/5/2014,5001728400
12/6/2014,5120093628
12/7/2014,5106383667
12/8/2014,5114362386
12/9/2014,4910434781
12/10/2014,4784771470
12/11/2014,4692001022
12/12/2014,4743462424
12/13/2014,4777519472
12/14/2014,4726163784
12/15/2014,4817513103
12/16/2014,4721873884
12/17/2014,4463254024
12/18/2014,4371559443
12/19/2014,4244764346
12/20/2014,4321971408
12/21/2014,4479026302
12/22/2014,4393877497
12/23/2014,4545295899
12/24/2014,4570401836
12/25/2014,4379126070
12/26/2014,4356247487
12/27/2014,4480495172
12/28/2014,4334107926
12/29/2014,4357769882
12/30/2014,4284258130
12/31/2014,4254653370
1/1/2015,4378180420
1/2/2015,4293666986
1/3/2015,4318230012
1/4/2015,3847631850
1/5/2015,3659281685
1/6/2015,3763241787
1/7/2015,3917209670
1/8/2015,4042438542
1/9/2015,3873967523
1/10/2015,3972929264
1/11/2015,3780217168
1/12/2015,3664320789
1/13/2015,3638760939
1/14/2015,3036242138
1/15/2015,2527097820
1/16/2015,2914228632
1/17/2015,2850446426
1/18/2015,2753666077
1/19/2015,2942846621
1/20/2015,2939724387
1/21/2015,2918152750
1/22/2015,3128505136
1/23/2015,3208479376
1/24/2015,3204002914
1/25/2015,3415117966
1/26/2015,3586657055
1/27/2015,3740137184
1/28/2015,3666104404
1/29/2015,3245849769
1/30/2015,3239173292
1/31/2015,3137625055
2/1/2015,2995137328
2/2/2015,3148779150
2/3/2015,3318326053
2/4/2015,3154718684
2/5/2015,3139442215
2/6/2015,3006034095
2/7/2015,3084567185
2/8/2015,3151959632
2/9/2015,3090152856
2/10/2015,3040828303
2/11/2015,3054022019
2/12/2015,3033234360
2/13/2015,3077224203
2/14/2015,3291772287
2/15/2015,3555973762
2/16/2015,3233888322
2/17/2015,3232071353
2/18/2015,3379261789
2/19/2015,3281678832
2/20/2015,3343098180
2/21/2015,3396089467
2/22/2015,3417932287
2/23/2015,3286747351
2/24/2015,3332633934
2/25/2015,3334722606
2/26/2015,3305675294
2/27/2015,3289813541
2/28/2015,3539415458
3/1/2015,3539116065
3/2/2015,3618894418
3/3/2015,3847677615
3/4/2015,3936773806
3/5/2015,3813276508
3/6/2015,3844940129
3/7/2015,3800421979
3/8/2015,3863849036
3/9/2015,3834651172
3/10/2015,4056252047
3/11/2015,4067369656
3/12/2015,4136395296
3/13/2015,4109723991
3/14/2015,3953571580
3/15/2015,3939086088
3/16/2015,4004898327
3/17/2015,4054559545
3/18/2015,3970288728
3/19/2015,3565822558
3/20/2015,3655363247
3/21/2015,3653325637
3/22/2015,3641328938
3/23/2015,3767685020
3/24/2015,3734885710
3/25/2015,3448233771
3/26/2015,3446281204
3/27/2015,3493169939
3/28/2015,3464680080
3/29/2015,3535799208
3/30/2015,3389354893
3/31/2015,3472805698
4/1/2015,3426054266
4/2/2015,3462471980
4/3/2015,3548345692
4/4/2015,3566674857
4/5/2015,3558050647
4/6/2015,3656928462
4/7/2015,3596436822
4/8/2015,3563896267
4/9/2015,3451528573
4/10/2015,3419570096
4/11/2015,3315366612
4/12/2015,3332847408
4/13/2015,3318432587
4/14/2015,3157556214
4/15/2015,3095035363
4/16/2015,3166302580
4/17/2015,3211808640
4/18/2015,3136936358
4/19/2015,3144431136
4/20/2015,3133653376
4/21/2015,3169918718
4/22/2015,3305834711
4/23/2015,3293731670
4/24/2015,3323928624
4/25/2015,3262175823
4/26/2015,3196855537
4/27/2015,3092178428
4/28/2015,3210267530
4/29/2015,3191524648
4/30/2015,3183079801
5/1/2015,3327814250
5/2/2015,3289264645
5/3/2015,3309790275
5/4/2015,3393143175
5/5/2015,3372694987
5/6/2015,3341320382
5/7/2015,3252104861
5/8/2015,3354828722
5/9/2015,3465968095
5/10/2015,3424924953
5/11/2015,3413960753
5/12/2015,3438587256
5/13/2015,3428358889
5/14/2015,3349267829
5/15/2015,3356634674
5/16/2015,3367468247
5/17/2015,3348513255
5/18/2015,3350608362
5/19/2015,3308199685
5/20/2015,3295316730
5/21/2015,3325496126
5/22/2015,3342830290
5/23/2015,3405341123
5/24/2015,3393780036
5/25/2015,3413454482
5/26/2015,3369396143
5/27/2015,3365791715
5/28/2015,3361291359
5/29/2015,3367990388
5/30/2015,3366965247
5/31/2015,3309133666
6/1/2015,3262058040
6/2/2015,3167901511
6/3/2015,3206320691
6/4/2015,3205730997
6/5/2015,3185027287
6/6/2015,3202133926
6/7/2015,3218500585
6/8/2015,3186010659
6/9/2015,3258145799
6/10/2015,3266622054
6/11/2015,3262807161
6/12/2015,3279335949
6/13/2015,3269552507
6/14/2015,3324200448
6/15/2015,3332021614
6/16/2015,3376234499
6/17/2015,3587814533
6/18/2015,3552265300
6/19/2015,3575670913
6/20/2015,3483860972
6/21/2015,3491935656
6/22/2015,3492028970
6/23/2015,3526918913
6/24/2015,3491802839
6/25/2015,3442256932
6/26/2015,3467544682
6/27/2015,3478996880
6/28/2015,3591540382
6/29/2015,3562773872
6/30/2015,3680105263
7/1/2015,3783047268
7/2/2015,3706198935
7/3/2015,3658267183
7/4/2015,3678290674
7/5/2015,3746407820
7/6/2015,3885365693
7/7/2015,3871063317
7/8/2015,3823584704
7/9/2015,3854381301
7/10/2015,3864194647
7/11/2015,4097028374
7/12/2015,4206329778
7/13/2015,4454773299
7/14/2015,4188124964
7/15/2015,4166817775
7/16/2015,4161345749
7/17/2015,4012670114
7/18/2015,4026085922
7/19/2015,3979060511
7/20/2015,3946787322
7/21/2015,4026650798
7/22/2015,3976005233
7/23/2015,3996597469
7/24/2015,3980287312
7/25/2015,4149461290
7/26/2015,4167044576
7/27/2015,4215578112
7/28/2015,4252439585
7/29/2015,4246815281
7/30/2015,4169131778
7/31/2015,4152966694
8/1/2015,4110242518
8/2/2015,4032072063
8/3/2015,4074313739
8/4/2015,4072188608
8/5/2015,4117043267
8/6/2015,4063468898
8/7/2015,4026938709
8/8/2015,4039700256
8/9/2015,3778367181
8/10/2015,3848679020
8/11/2015,3827683931
8/12/2015,3921660090
8/13/2015,3860653400
8/14/2015,3830164574
8/15/2015,3851818426
8/16/2015,3780201401
8/17/2015,3743514361
8/18/2015,3732895536
8/19/2015,3285313676
8/20/2015,3302259083
8/21/2015,3408609285
8/22/2015,3380190125
8/23/2015,3348426020
8/24/2015,3292567800
8/25/2015,2972200386
8/26/2015,3248132850
8/27/2015,3295888059
8/28/2015,3252165622
8/29/2015,3361795234
8/30/2015,3356278132
8/31/2015,3332281781
9/1/2015,3366932630
9/2/2015,3315155219
9/3/2015,3340532711
9/4/2015,3307324171
9/5/2015,3355652269
9/6/2015,3427497407
9/7/2015,3517212510
9/8/2015,3506883990
9/9/2015,3553641049
9/10/2015,3487219135
9/11/2015,3496855279
9/12/2015,3508619715
9/13/2015,3442024410
9/14/2015,3374810966
9/15/2015,3370770387
9/16/2015,3368445872
9/17/2015,3344890934
9/18/2015,3415193362
9/19/2015,3414870991
9/20/2015,3386888553
9/21/2015,3382734340
9/22/2015,3327868025
9/23/2015,3392095811
9/24/2015,3377852838
9/25/2015,3430505974
9/26/2015,3447348772
9/27/2015,3434414484
9/28/2015,3418386800
9/29/2015,3518769436
9/30/2015,3478590747
10/1/2015,3469356438
10/2/2015,3493342335
10/3/2015,3487284769
10/4/2015,3512312046
10/5/2015,3508859717
10/6/2015,3541756056
10/7/2015,3628737375
10/8/2015,3586538909
10/9/2015,3570469978
10/10/2015,3598842414
10/11/2015,3615952764
10/12/2015,3641864133
10/13/2015,3613970056
10/14/2015,3684225361
10/15/2015,3724417300
10/16/2015,3753239240
10/17/2015,3879630650
10/18/2015,4014096994
10/19/2015,3888292247
10/20/2015,3909517036
10/21/2015,3989674294
10/22/2015,3950528461
10/23/2015,4057763448
10/24/2015,4114874061
10/25/2015,4196409515
10/26/2015,4200281796
10/27/2015,4252571595
10/28/2015,4370381030
10/29/2015,4476111591
10/30/2015,4648036792
10/31/2015,4890242285
11/1/2015,4665155977
11/2/2015,4845009131
11/3/2015,5339909346
11/4/2015,6033660712
11/5/2015,5898494527
11/6/2015,5624227906
11/7/2015,5566847994
11/8/2015,5696514472
11/9/2015,5484412456
11/10/2015,5556151499
11/11/2015,5029929977
11/12/2015,4672331022
11/13/2015,5001540581
11/14/2015,5013019423
11/15/2015,4948875201
11/16/2015,4742821457
11/17/2015,4921809815
11/18/2015,4981240147
11/19/2015,4983717979
11/20/2015,4807877406
11/21/2015,4769298571
11/22/2015,4856012298
11/23/2015,4814029591
11/24/2015,4793338840
11/25/2015,4760950834
11/26/2015,4920313961
11/27/2015,5238591478
11/28/2015,5261468619
11/29/2015,5330263093
11/30/2015,5584156170
12/1/2015,5630685563
12/2/2015,5313375883
12/3/2015,5349565858
12/4/2015,5396463316
12/5/2015,5423146606
12/6/2015,5854814876
12/7/2015,5778783942
12/8/2015,5899202788
12/9/2015,6188308730
12/10/2015,6241066098
12/11/2015,6223561297
12/12/2015,6747910690
12/13/2015,6480406232
12/14/2015,6459467899
12/15/2015,6696213169
12/16/2015,6925697998
12/17/2015,6795739786
12/18/2015,6815936747
12/19/2015,6944857400
12/20/2015,6920394764
12/21/2015,6500264711
12/22/2015,6570370883
12/23/2015,6555029725
12/24/2015,6653063737
12/25/2015,6850580134
12/26/2015,6848028395
12/27/2015,6199437946
12/28/2015,6383524635
12/29/2015,6343627684
12/30/2015,6506882870
12/31/2015,6380461656
1/1/2016,6475515130
1/2/2016,6533712365
1/3/2016,6514599904
1/4/2016,6459508402
1/5/2016,6528317229
1/6/2016,6477449792
1/7/2016,6479456802
1/8/2016,6931175275
1/9/2016,6827552435
1/10/2016,6721607729
1/11/2016,6778663750
1/12/2016,6729281482
1/13/2016,6492913986
1/14/2016,6502477148
1/15/2016,6467618856
1/16/2016,5537674928
1/17/2016,5859947941
1/18/2016,5766954099
1/19/2016,5829066708
1/20/2016,5695710488
1/21/2016,6323657172
1/22/2016,6184436858
1/23/2016,5840812914
1/24/2016,5858726920
1/25/2016,6051803452
1/26/2016,5937282306
1/27/2016,5922679172
1/28/2016,5978367723
1/29/2016,5629008214
1/30/2016,5741500928
1/31/2016,5717557272
2/1/2016,5589805492
2/2/2016,5657249829
2/3/2016,5663790532
2/4/2016,5603948158
2/5/2016,5888820696
2/6/2016,5794926250
2/7/2016,5709144532
2/8/2016,5709401697
2/9/2016,5655136058
2/10/2016,5687424021
2/11/2016,5783634869
2/12/2016,5758476119
2/13/2016,5843006348
2/14/2016,6001035604
2/15/2016,6200932347
2/16/2016,6107248714
2/17/2016,6200430687
2/18/2016,6325895326
2/19/2016,6417222650
2/20/2016,6409562478
2/21/2016,6658275065
2/22/2016,6645083120
2/23/2016,6687847372
2/24/2016,6443417707
2/25/2016,6497659961
2/26/2016,6447438859
2/27/2016,6613888915
2/28/2016,6537310851
2/29/2016,6581657947
3/1/2016,6693103299
3/2/2016,6633124149
3/3/2016,6444011516
3/4/2016,6426294744
3/5/2016,6221004242
3/6/2016,6064256099
3/7/2016,6188639934
3/8/2016,6322213182
3/9/2016,6290058783
3/10/2016,6308931923
3/11/2016,6370215503
3/12/2016,6423784357
3/13/2016,6295267381
3/14/2016,6321278175
3/15/2016,6360155190
3/16/2016,6372340449
3/17/2016,6387592098
3/18/2016,6410672972
3/19/2016,6268673803
3/20/2016,6275388282
3/21/2016,6300484789
3/22/2016,6310348072
3/23/2016,6399886902
3/24/2016,6406664487
3/25/2016,6362502714
3/26/2016,6393374674
3/27/2016,6401283200
3/28/2016,6529132093
3/29/2016,6505413714
3/30/2016,6373630718
3/31/2016,6367379975
4/1/2016,6386305051
4/2/2016,6435189520
4/3/2016,6451066587
4/4/2016,6454027382
4/5/2016,6455759171
4/6/2016,6503459159
4/7/2016,6488954631
4/8/2016,6476223859
4/9/2016,6432604039
4/10/2016,6448303888
4/11/2016,6486017615
4/12/2016,6522976058
4/13/2016,6553998392
4/14/2016,6541940114
4/15/2016,6557740873
4/16/2016,6630558798
4/17/2016,6656046434
4/18/2016,6608745147
4/19/2016,6626764508
4/20/2016,6741154300
4/21/2016,6828476100
4/22/2016,6937774726
4/23/2016,6912623274
4/24/2016,7009392681
4/25/2016,7113925215
4/26/2016,7151133804
4/27/2016,7227960098
4/28/2016,6804894349
4/29/2016,6949154855
4/30/2016,7046816425
5/1/2016,6951966640
5/2/2016,7005482786
5/3/2016,6882303741
5/4/2016,6972617618
5/5/2016,6940716404
5/6/2016,6948939413
5/7/2016,7131866551
5/8/2016,7113903326
5/9/2016,7107691409
5/10/2016,7152601411
5/11/2016,7014541360
5/12/2016,7020694154
5/13/2016,7063166982
5/14/2016,7085133217
5/15/2016,7089050830
5/16/2016,7116554019
5/17/2016,7052712680
5/18/2016,7043629351
5/19/2016,7058762556
5/20/2016,6803786142
5/21/2016,6886987087
5/22/2016,6888072946
5/23/2016,6826037904
5/24/2016,6909263739
5/25/2016,6944099055
5/26/2016,7003309068
5/27/2016,7092931991
5/28/2016,7381293535
5/29/2016,8146598590
5/30/2016,8159555841
5/31/2016,8333198175
6/1/2016,8278077329
6/2/2016,8352237786
6/3/2016,8404623122
6/4/2016,8891939171
6/5/2016,8996847279
6/6/2016,8973664936
6/7/2016,9192356619
6/8/2016,9008696122
6/9/2016,9065458250
6/10/2016,8989278798
6/11/2016,9053727006
6/12/2016,9554691511
6/13/2016,10383659904
6/14/2016,10919494551
6/15/2016,10681625104
6/16/2016,11045309778
6/17/2016,11997407927
6/18/2016,11597085046
6/19/2016,11801787097
6/20/2016,11898496327
6/21/2016,11109137348
6/22/2016,10531770509
6/23/2016,9324379518
6/24/2016,9811426992
6/25/2016,10407551783
6/26/2016,10369531249
6/27/2016,9768722154
6/28/2016,10316236246
6/29/2016,10069948406
6/30/2016,10045178820
7/1/2016,10509997081
7/2/2016,10608118558
7/3/2016,10996527855
7/4/2016,10329596617
7/5/2016,10690087406
7/6/2016,10503482565
7/7/2016,10605832594
7/8/2016,10103810525
7/9/2016,10404710009
7/10/2016,10205579946
7/11/2016,10204207458
7/12/2016,10216794502
7/13/2016,10456261120
7/14/2016,10300435101
7/15/2016,10397498446
7/16/2016,10481242136
7/17/2016,10447572264
7/18/2016,10715311478
7/19/2016,10594264709
7/20/2016,10609021622
7/21/2016,10465444097
7/22/2016,10482586089
7/23/2016,10258894538
7/24/2016,10329089389
7/25/2016,10430703012
7/26/2016,10312330038
7/27/2016,10270119092
7/28/2016,10336379418
7/29/2016,10338443364
7/30/2016,10364627422
7/31/2016,10317582336
8/1/2016,9883902941
8/2/2016,9623556871
8/3/2016,8392993730
8/4/2016,8964059449
8/5/2016,9111918396
8/6/2016,9060424879
8/7/2016,9316930654
8/8/2016,9349006895
8/9/2016,9308751850
8/10/2016,9232877253
8/11/2016,9356978425
8/12/2016,9294495763
8/13/2016,9264922924
8/14/2016,9241721775
8/15/2016,9016599689
8/16/2016,8975914618
8/17/2016,9124943526
8/18/2016,9051104306
8/19/2016,9069568934
8/20/2016,9088948018
8/21/2016,9184148531
8/22/2016,9198957972
8/23/2016,9283011222
8/24/2016,9228119486
8/25/2016,9180125264
8/26/2016,9139117588
8/27/2016,9164927433
8/28/2016,9024345330
8/29/2016,9118577054
8/30/2016,9087846183
8/31/2016,9149399704
9/1/2016,9102455490
9/2/2016,9055062891
9/3/2016,9112729934
9/4/2016,9508933134
9/5/2016,9649089996
9/6/2016,9630900311
9/7/2016,9686084293
9/8/2016,9739847059
9/9/2016,9930437944
9/10/2016,9880396579
9/11/2016,9888963218
9/12/2016,9642819160
9/13/2016,9639606379
9/14/2016,9658405784
9/15/2016,9676301799
9/16/2016,9645713365
9/17/2016,9652161528
9/18/2016,9631392701
9/19/2016,9690921282
9/20/2016,9675771866
9/21/2016,9495450481
9/22/2016,9482757799
9/23/2016,9455134237
9/24/2016,9572287422
9/25/2016,9564187546
9/26/2016,9543575205
9/27/2016,9662400295
9/28/2016,9629118993
9/29/2016,9603515213
9/30/2016,9612581185
10/1/2016,9701946488
10/2/2016,9751675923
10/3/2016,9697081194
10/4/2016,9728614007
10/5/2016,9701339292
10/6/2016,9723141443
10/7/2016,9721221671
10/8/2016,9822978553
10/9/2016,9831971933
10/10/2016,9804439665
10/11/2016,9841735115
10/12/2016,10184184677
10/13/2016,10120288284
10/14/2016,10127555402
10/15/2016,10186982304
10/16/2016,10164809236
10/17/2016,10213488720
10/18/2016,10156029568
10/19/2016,10135159809
10/20/2016,10031734944
10/21/2016,10036621051
10/22/2016,10075784808
10/23/2016,10494976092
10/24/2016,10392292015
10/25/2016,10386636518
10/26/2016,10467034760
10/27/2016,10773852705
10/28/2016,10929158219
10/29/2016,11001979600
10/30/2016,11295388812
10/31/2016,11141118766
11/1/2016,11163903427
11/2/2016,11615151344
11/3/2016,11874625103
11/4/2016,11068106345
11/5/2016,11225748258
11/6/2016,11256325061
11/7/2016,11301291043
11/8/2016,11234930930
11/9/2016,11323908704
11/10/2016,11518814118
11/11/2016,11411654842
11/12/2016,11428985999
11/13/2016,11181818055
11/14/2016,11199690471
11/15/2016,11273485867
11/16/2016,11359100989
11/17/2016,11859797338
11/18/2016,11747676197
11/19/2016,11967418510
11/20/2016,11991531745
11/21/2016,11670263354
11/22/2016,11782667426
11/23/2016,11970213283
11/24/2016,11871946299
11/25/2016,11780883353
11/26/2016,11818968630
11/27/2016,11715093044
11/28/2016,11658558845
11/29/2016,11731683640
11/30/2016,11719035783
12/1/2016,11854797935
12/2/2016,12067875283
12/3/2016,12355358191
12/4/2016,12235930881
12/5/2016,12276169144
12/6/2016,12063072392
12/7/2016,12141543550
12/8/2016,12238961574
12/9/2016,12291880087
12/10/2016,12333200053
12/11/2016,12312980030
12/12/2016,12324652910
12/13/2016,12449350759
12/14/2016,12410022232
12/15/2016,12434341341
12/16/2016,12446306612
12/17/2016,12523717157
12/18/2016,12644928600
12/19/2016,12639481028
12/20/2016,12662838056
12/21/2016,12785722280
12/22/2016,13350845166
12/23/2016,13774790491
12/24/2016,14687336786
12/25/2016,14310121313
12/26/2016,14415787488
12/27/2016,14463182268
12/28/2016,15065407695
12/29/2016,15622261440
12/30/2016,15524795179
12/31/2016,15342713005
1/1/2017,15462511345
1/2/2017,15984230637
1/3/2017,16369648582
1/4/2017,16591887303
1/5/2017,17824752931
1/6/2017,16143204017
1/7/2017,14308146399
1/8/2017,14407886672
1/9/2017,14407375859
1/10/2017,14460387428
1/11/2017,14533341843
1/12/2017,12233930539
1/13/2017,12948154807
1/14/2017,13369762362
1/15/2017,13197342095
1/16/2017,13192594246
1/17/2017,13347156128
1/18/2017,14584766879
1/19/2017,14356059603
1/20/2017,14454665285
1/21/2017,14392236358
1/22/2017,14924582921
1/23/2017,14803328096
1/24/2017,14490960025
1/25/2017,14331877569
1/26/2017,14437565556
1/27/2017,14739582495
1/28/2017,14778293818
1/29/2017,14813105691
1/30/2017,14704507391
1/31/2017,14817841940
2/1/2017,15584093395
2/2/2017,15916402459
2/3/2017,16174498975
2/4/2017,16400596477
2/5/2017,16570564361
2/6/2017,16317031638
2/7/2017,16488674736
2/8/2017,16981462507
2/9/2017,17036630771
2/10/2017,15878845006
2/11/2017,16035459764
2/12/2017,16239743647
2/13/2017,16143413905
2/14/2017,16110682937
2/15/2017,16335665112
2/16/2017,16340403945
2/17/2017,16732937540
2/18/2017,17022689345
2/19/2017,17042707996
2/20/2017,16976633508
2/21/2017,17453448963
2/22/2017,18077749837
2/23/2017,18182537471
2/24/2017,19090539145
2/25/2017,19035619792
2/26/2017,18590940206
2/27/2017,19097999987
2/28/2017,19377889947
3/1/2017,19212522882
3/2/2017,19837687860
3/3/2017,20358095033
3/4/2017,20772551744
3/5/2017,20448677837
3/6/2017,20622828454
3/7/2017,20679615563
3/8/2017,19975892873
3/9/2017,18534433863
3/10/2017,19433033838
3/11/2017,18143400869
3/12/2017,19052823547
3/13/2017,19815897102
3/14/2017,20064332899
3/15/2017,20167417096
3/16/2017,20332172916
3/17/2017,18858231892
3/18/2017,17553481005
3/19/2017,15899759709
3/20/2017,16540562271
3/21/2017,17037126516
3/22/2017,18041504688
3/23/2017,16948563636
3/24/2017,16762144466
3/25/2017,15310824176
3/26/2017,15702233021
3/27/2017,15650946651
3/28/2017,16837805325
3/29/2017,16804572763
3/30/2017,17008587583
3/31/2017,16930461515
4/1/2017,17542444679
4/2/2017,17623884423
4/3/2017,18093035054
4/4/2017,18663576087
4/5/2017,18552634044
4/6/2017,18538237924
4/7/2017,19286825431
4/8/2017,19270326739
4/9/2017,19257002238
4/10/2017,19656735887
4/11/2017,19683608585
4/12/2017,19934676003
4/13/2017,19789361290
4/14/2017,19159993410
4/15/2017,19271778495
4/16/2017,19242540859
4/17/2017,19311900487
4/18/2017,19678695539
4/19/2017,19967761029
4/20/2017,20052667486
4/21/2017,20573791296
4/22/2017,20730747079
4/23/2017,20777181749
4/24/2017,20956753355
4/25/2017,20913509268
4/26/2017,21320244104
4/27/2017,21699159438
4/28/2017,22244602742
4/29/2017,22121513411
4/30/2017,22005592515
5/1/2017,22313976020
5/2/2017,23363341281
5/3/2017,24146174368
5/4/2017,24849027010
5/5/2017,25195510973
5/6/2017,24933040411
5/7/2017,25431454421
5/8/2017,25743814852
5/9/2017,27037964777
5/10/2017,28012099345
5/11/2017,28710076382
5/12/2017,29879093846
5/13/2017,27573196839
5/14/2017,29171781091
5/15/2017,29239356346
5/16/2017,28060736072
5/17/2017,28487532549
5/18/2017,29602629045
5/19/2017,31159211158
5/20/2017,32161310790
5/21/2017,33282268368
5/22/2017,33143692320
5/23/2017,34794566389
5/24/2017,37277201600
5/25/2017,40032659928
5/26/2017,38192540827
5/27/2017,36179142014
5/28/2017,33990235576
5/29/2017,35384530615
5/30/2017,36502238305
5/31/2017,36037443021
6/1/2017,37426122480
6/2/2017,38922182555
6/3/2017,40255932959
6/4/2017,40845562001
6/5/2017,41308796527
6/6/2017,44185113477
6/7/2017,46630480645
6/8/2017,43151666701
6/9/2017,45772035420
6/10/2017,46087381631
6/11/2017,46933313774
6/12/2017,48430418091
6/13/2017,43535574334
6/14/2017,44372694891
6/15/2017,39810560978
6/16/2017,39007599457
6/17/2017,40379422933
6/18/2017,42774209269
6/19/2017,41263357529
6/20/2017,42708094465
6/21/2017,44466989074
6/22/2017,43515301675
6/23/2017,44248908639
6/24/2017,44084504083
6/25/2017,41624977855
6/26/2017,41000275229
6/27/2017,39394226417
6/28/2017,41244066152
6/29/2017,41656937448
6/30/2017,41436230891
7/1/2017,40250071826
7/2/2017,39092614359
7/3/2017,40656386058
7/4/2017,41813835795
7/5/2017,42121297888
7/6/2017,42613235945
7/7/2017,42593721553
7/8/2017,40815300225
7/9/2017,41825221426
7/10/2017,40931386464
7/11/2017,38596680833
7/12/2017,37349216251
7/13/2017,38981433471
7/14/2017,38258460171
7/15/2017,36151492760
7/16/2017,32488429367
7/17/2017,31683466114
7/18/2017,36131970620
7/19/2017,37332778354
7/20/2017,37366122477
7/21/2017,45270647620
7/22/2017,43745906159
7/23/2017,46496804925
7/24/2017,44988891550
7/25/2017,45457587427
7/26/2017,42585756131
7/27/2017,41640360608
7/28/2017,44271646031
7/29/2017,45648963392
7/30/2017,44461597642
7/31/2017,44942219948
8/1/2017,46639628086
8/2/2017,44600941893
8/3/2017,44661180157
8/4/2017,45969945792
8/5/2017,47089327481
8/6/2017,53782830428
8/7/2017,53096129807
8/8/2017,55530738905
8/9/2017,56183500757
8/10/2017,55084078330
8/11/2017,56214488228
8/12/2017,60246919621
8/13/2017,64350999533
8/14/2017,67242110370
8/15/2017,71556588859
8/16/2017,68545894918
8/17/2017,72043470626
8/18/2017,70631158462
8/19/2017,68191977422
8/20/2017,67606025980
8/21/2017,67337899061
8/22/2017,64927844981
8/23/2017,67219732949
8/24/2017,68280082610
8/25/2017,71726210950
8/26/2017,71921255224
8/27/2017,71627366170
8/28/2017,71225581990
8/29/2017,72157376526
8/30/2017,75590608312
8/31/2017,75691204819
9/1/2017,78244122979
9/2/2017,81221741154
9/3/2017,76462012013
9/4/2017,75615483674
9/5/2017,69886022135
9/6/2017,73272068476
9/7/2017,75738302740
9/8/2017,76121202125
9/9/2017,71272733906
9/10/2017,71253622706
9/11/2017,70133180219
9/12/2017,70027984799
9/13/2017,68343252484
9/14/2017,64470450277
9/15/2017,54712144697
9/16/2017,61820522997
9/17/2017,60703402967
9/18/2017,61696529777
9/19/2017,67374813620
9/20/2017,64641829765
9/21/2017,63907107721
9/22/2017,60245876442
9/23/2017,59551961444
9/24/2017,62257739285
9/25/2017,60839403811
9/26/2017,65058776296
9/27/2017,64494260107
9/28/2017,69377417684
9/29/2017,69394465406
9/30/2017,69093660640
10/1/2017,72192480941
10/2/2017,72854064546
10/3/2017,72644186446
10/4/2017,71280504970
10/5/2017,69882052655
10/6/2017,71413171397
10/7/2017,72494188108
10/8/2017,73661239523
10/9/2017,76037824515
10/10/2017,79919457164
10/11/2017,78734290921
10/12/2017,79932947133
10/13/2017,90122363217
10/14/2017,93092775324
10/15/2017,96434738464
10/16/2017,94568725096
10/17/2017,95526733583
10/18/2017,91651233979
10/19/2017,91953059956
10/20/2017,94750012313
10/21/2017,99057177688
10/22/2017,1.00E+11
10/23/2017,98828321866
10/24/2017,96072612766
10/25/2017,91567520786
10/26/2017,94920676006
10/27/2017,98666326508
10/28/2017,96766348001
10/29/2017,94967044231
10/30/2017,1.02E+11
10/31/2017,1.02E+11
11/1/2017,1.06E+11
11/2/2017,1.13E+11
11/3/2017,1.16E+11
11/4/2017,1.18E+11
11/5/2017,1.22E+11
11/6/2017,1.22E+11
11/7/2017,1.17E+11
11/8/2017,1.18E+11
11/9/2017,1.23E+11
11/10/2017,1.21E+11
11/11/2017,1.10E+11
11/12/2017,1.05E+11
11/13/2017,98861213882
11/14/2017,1.09E+11
11/15/2017,1.12E+11
11/16/2017,1.21E+11
11/17/2017,1.32E+11
11/18/2017,1.27E+11
11/19/2017,1.29E+11
11/20/2017,1.34E+11
11/21/2017,1.37E+11
11/22/2017,1.36E+11
11/23/2017,1.37E+11
11/24/2017,1.34E+11
11/25/2017,1.36E+11
11/26/2017,1.47E+11
11/27/2017,1.57E+11
11/28/2017,1.62E+11
11/29/2017,1.65E+11
11/30/2017,1.66E+11
12/1/2017,1.66E+11
12/2/2017,1.82E+11
12/3/2017,1.82E+11
12/4/2017,1.88E+11
12/5/2017,1.94E+11
12/6/2017,1.97E+11
12/7/2017,2.33E+11
12/8/2017,2.85E+11
12/9/2017,2.70E+11
12/10/2017,2.43E+11
12/11/2017,2.55E+11
12/12/2017,2.78E+11
12/13/2017,2.89E+11
12/14/2017,2.74E+11
12/15/2017,2.81E+11
12/16/2017,2.95E+11
12/17/2017,3.23E+11
12/18/2017,3.12E+11
12/19/2017,3.16E+11
12/20/2017,2.78E+11
12/21/2017,2.78E+11
12/22/2017,2.60E+11
12/23/2017,2.33E+11
12/24/2017,2.41E+11
12/25/2017,2.34E+11
12/26/2017,2.36E+11
12/27/2017,2.63E+11
12/28/2017,2.56E+11
12/29/2017,2.41E+11
12/30/2017,2.40E+11
12/31/2017,2.14E+11
1/1/2018,2.30E+11
1/2/2018,2.31E+11
1/3/2018,2.50E+11
1/4/2018,2.53E+11
1/5/2018,2.52E+11
1/6/2018,2.81E+11
1/7/2018,2.86E+11
1/8/2018,2.71E+11
1/9/2018,2.53E+11
1/10/2018,2.38E+11
1/11/2018,2.49E+11
1/12/2018,2.20E+11
1/13/2018,2.36E+11
1/14/2018,2.39E+11
1/15/2018,2.30E+11
1/16/2018,2.24E+11
1/17/2018,1.91E+11
1/18/2018,1.86E+11
1/19/2018,1.91E+11
1/20/2018,1.94E+11
1/21/2018,2.12E+11
1/22/2018,1.95E+11
1/23/2018,1.81E+11
1/24/2018,1.81E+11
1/25/2018,1.91E+11
1/26/2018,1.89E+11
1/27/2018,1.87E+11
1/28/2018,1.93E+11
1/29/2018,1.97E+11
1/30/2018,1.88E+11
1/31/2018,1.67E+11
2/1/2018,1.71E+11
2/2/2018,1.49E+11
2/3/2018,1.48E+11
2/4/2018,1.53E+11
2/5/2018,1.39E+11
2/6/2018,1.18E+11
2/7/2018,1.28E+11
2/8/2018,1.30E+11
2/9/2018,1.35E+11
2/10/2018,1.48E+11
2/11/2018,1.42E+11
2/12/2018,1.38E+11
2/13/2018,1.49E+11
2/14/2018,1.44E+11
2/15/2018,1.58E+11
2/16/2018,1.71E+11
2/17/2018,1.71E+11
2/18/2018,1.86E+11
2/19/2018,1.75E+11
2/20/2018,1.91E+11
2/21/2018,1.86E+11
2/22/2018,1.75E+11
2/23/2018,1.64E+11
2/24/2018,1.73E+11
2/25/2018,1.62E+11
2/26/2018,1.62E+11
2/27/2018,1.74E+11
2/28/2018,1.79E+11
3/1/2018,1.74E+11
3/2/2018,1.86E+11
3/3/2018,1.87E+11
3/4/2018,1.92E+11
3/5/2018,1.93E+11
3/6/2018,1.91E+11
3/7/2018,1.83E+11
3/8/2018,1.68E+11
3/9/2018,1.58E+11
3/10/2018,1.57E+11
3/11/2018,1.45E+11
3/12/2018,1.62E+11
3/13/2018,1.55E+11
3/14/2018,1.56E+11
3/15/2018,1.37E+11
3/16/2018,1.39E+11
3/17/2018,1.40E+11
3/18/2018,1.32E+11
3/19/2018,1.41E+11
3/20/2018,1.44E+11
3/21/2018,1.51E+11
3/22/2018,1.51E+11
3/23/2018,1.47E+11
3/24/2018,1.51E+11
3/25/2018,1.44E+11
3/26/2018,1.43E+11
3/27/2018,1.38E+11
3/28/2018,1.32E+11
3/29/2018,1.34E+11
3/30/2018,1.18E+11
3/31/2018,1.18E+11
4/1/2018,1.18E+11
4/2/2018,1.16E+11
4/3/2018,1.20E+11
4/4/2018,1.25E+11
4/5/2018,1.15E+11
4/6/2018,1.15E+11
4/7/2018,1.12E+11
4/8/2018,1.18E+11
4/9/2018,1.20E+11
4/10/2018,1.15E+11
4/11/2018,1.16E+11
4/12/2018,1.18E+11
4/13/2018,1.34E+11
4/14/2018,1.33E+11
4/15/2018,1.37E+11
4/16/2018,1.42E+11
4/17/2018,1.36E+11
4/18/2018,1.34E+11
4/19/2018,1.38E+11
4/20/2018,1.41E+11
4/21/2018,1.50E+11
4/22/2018,1.50E+11
4/23/2018,1.50E+11
4/24/2018,1.54E+11
4/25/2018,1.63E+11
4/26/2018,1.49E+11
4/27/2018,1.57E+11
4/28/2018,1.52E+11
4/29/2018,1.59E+11
4/30/2018,1.59E+11
5/1/2018,1.54E+11
5/2/2018,1.54E+11
5/3/2018,1.56E+11
5/4/2018,1.63E+11
5/5/2018,1.65E+11
5/6/2018,1.68E+11
5/7/2018,1.62E+11
5/8/2018,1.59E+11
5/9/2018,1.55E+11
5/10/2018,1.58E+11
5/11/2018,1.51E+11
5/12/2018,1.43E+11
5/13/2018,1.44E+11
5/14/2018,1.47E+11
5/15/2018,1.48E+11
5/16/2018,1.44E+11
5/17/2018,1.42E+11
5/18/2018,1.36E+11
5/19/2018,1.40E+11
5/20/2018,1.40E+11
5/21/2018,1.45E+11
5/22/2018,1.43E+11
5/23/2018,1.36E+11
5/24/2018,1.29E+11
5/25/2018,1.28E+11
5/26/2018,1.27E+11
5/27/2018,1.24E+11
5/28/2018,1.25E+11
5/29/2018,1.21E+11
5/30/2018,1.27E+11
5/31/2018,1.25E+11
6/1/2018,1.28E+11
6/2/2018,1.28E+11
6/3/2018,1.30E+11
6/4/2018,1.32E+11
6/5/2018,1.28E+11
6/6/2018,1.30E+11
6/7/2018,1.31E+11
6/8/2018,1.31E+11
6/9/2018,1.30E+11
6/10/2018,1.26E+11
6/11/2018,1.15E+11
6/12/2018,1.17E+11
6/13/2018,1.12E+11
6/14/2018,1.07E+11
6/15/2018,1.13E+11
6/16/2018,1.09E+11
6/17/2018,1.11E+11
6/18/2018,1.10E+11
6/19/2018,1.15E+11
6/20/2018,1.14E+11
6/21/2018,1.15E+11
6/22/2018,1.15E+11
6/23/2018,1.04E+11
6/24/2018,1.05E+11
6/25/2018,1.05E+11
6/26/2018,1.07E+11
6/27/2018,1.03E+11
6/28/2018,1.05E+11
6/29/2018,1.00E+11
6/30/2018,1.06E+11
7/1/2018,1.10E+11
7/2/2018,1.08E+11
7/3/2018,1.13E+11
7/4/2018,1.11E+11
7/5/2018,1.12E+11
7/6/2018,1.12E+11
7/7/2018,1.13E+11
7/8/2018,1.16E+11
7/9/2018,1.15E+11
7/10/2018,1.14E+11
7/11/2018,1.08E+11
7/12/2018,1.09E+11
7/13/2018,1.07E+11
7/14/2018,1.07E+11
7/15/2018,1.07E+11
7/16/2018,1.09E+11
7/17/2018,1.15E+11
7/18/2018,1.25E+11
7/19/2018,1.26E+11
7/20/2018,1.27E+11
7/21/2018,1.25E+11
7/22/2018,1.27E+11
7/23/2018,1.27E+11
7/24/2018,1.32E+11
7/25/2018,1.45E+11
7/26/2018,1.40E+11
7/27/2018,1.35E+11
7/28/2018,1.40E+11
7/29/2018,1.41E+11
7/30/2018,1.39E+11
7/31/2018,1.39E+11
8/1/2018,1.32E+11
8/2/2018,1.31E+11
8/3/2018,1.28E+11
8/4/2018,1.27E+11
8/5/2018,1.19E+11
8/6/2018,1.21E+11
8/7/2018,1.19E+11
8/8/2018,1.13E+11
8/9/2018,1.08E+11
8/10/2018,1.12E+11
8/11/2018,1.05E+11
8/12/2018,1.07E+11
8/13/2018,1.09E+11
8/14/2018,1.07E+11
8/15/2018,1.07E+11
8/16/2018,1.07E+11
8/17/2018,1.08E+11
8/18/2018,1.13E+11
8/19/2018,1.09E+11
8/20/2018,1.12E+11
8/21/2018,1.08E+11
8/22/2018,1.11E+11
8/23/2018,1.09E+11
8/24/2018,1.12E+11
8/25/2018,1.15E+11
8/26/2018,1.16E+11
8/27/2018,1.15E+11
8/28/2018,1.18E+11
8/29/2018,1.21E+11
8/30/2018,1.21E+11
8/31/2018,1.20E+11
9/1/2018,1.21E+11
9/2/2018,1.23E+11
9/3/2018,1.25E+11
9/4/2018,1.25E+11
9/5/2018,1.27E+11
9/6/2018,1.14E+11
9/7/2018,1.11E+11
9/8/2018,1.10E+11
9/9/2018,1.06E+11
9/10/2018,1.07E+11
9/11/2018,1.09E+11
9/12/2018,1.08E+11
9/13/2018,1.10E+11
9/14/2018,1.11E+11
9/15/2018,1.12E+11
9/16/2018,1.12E+11
9/17/2018,1.12E+11
9/18/2018,1.08E+11
9/19/2018,1.09E+11
9/20/2018,1.10E+11
9/21/2018,1.12E+11
9/22/2018,1.17E+11
9/23/2018,1.16E+11
9/24/2018,1.15E+11
9/25/2018,1.12E+11
9/26/2018,1.11E+11
9/27/2018,1.12E+11
9/28/2018,1.16E+11
9/29/2018,1.14E+11
9/30/2018,1.13E+11
10/1/2018,1.14E+11
10/2/2018,1.13E+11
10/3/2018,1.12E+11
10/4/2018,1.12E+11
10/5/2018,1.14E+11
10/6/2018,1.14E+11
10/7/2018,1.13E+11
10/8/2018,1.14E+11
10/9/2018,1.15E+11
10/10/2018,1.14E+11
10/11/2018,1.12E+11
10/12/2018,1.07E+11
10/13/2018,1.08E+11
10/14/2018,1.08E+11
10/15/2018,1.08E+11
10/16/2018,1.13E+11
10/17/2018,1.12E+11
10/18/2018,1.12E+11
10/19/2018,1.11E+11
10/20/2018,1.10E+11
10/21/2018,1.11E+11
10/22/2018,1.12E+11
10/23/2018,1.12E+11
10/24/2018,1.11E+11
10/25/2018,1.12E+11
10/26/2018,1.12E+11
10/27/2018,1.11E+11
10/28/2018,1.11E+11
10/29/2018,1.11E+11
10/30/2018,1.08E+11
10/31/2018,1.09E+11
11/1/2018,1.09E+11
11/2/2018,1.10E+11
11/3/2018,1.10E+11
11/4/2018,1.10E+11
11/5/2018,1.12E+11
11/6/2018,1.11E+11
11/7/2018,1.12E+11
11/8/2018,1.13E+11
11/9/2018,1.11E+11
11/10/2018,1.10E+11
11/11/2018,1.10E+11
11/12/2018,1.11E+11
11/13/2018,1.10E+11
11/14/2018,1.08E+11
11/15/2018,97181114935
11/16/2018,96832599497
11/17/2018,96166931729
11/18/2018,96254760355
11/19/2018,96212224131
11/20/2018,83232955064
11/21/2018,75666529761
11/22/2018,78779801115
11/23/2018,74814746233
11/24/2018,75203176488
11/25/2018,65987328528
11/26/2018,69986549674
11/27/2018,64655829974
11/28/2018,66063492513
11/29/2018,73246831451
11/30/2018,73118324523
12/1/2018,68907441779
12/2/2018,72536644274
12/3/2018,71136417446
12/4/2018,66312114592
12/5/2018,67949257850
12/6/2018,64661768583
12/7/2018,59660111728
12/8/2018,59226797560
12/9/2018,59227017825
12/10/2018,62045350458
12/11/2018,59159641083
12/12/2018,58138487588
12/13/2018,59803121666
12/14/2018,56652331871
12/15/2018,55694170616
12/16/2018,55975883233
12/17/2018,55847331483
12/18/2018,61217764855
12/19/2018,64333513731
12/20/2018,64555731793
12/21/2018,70606686434
12/22/2018,67150234303
12/23/2018,69563963891
12/24/2018,69926906356
12/25/2018,69297302541
12/26/2018,65751046827
12/27/2018,66194437481
12/28/2018,62999647223
12/29/2018,68172119957
12/30/2018,65155458328
12/31/2018,66938568021
1/1/2019,64707155605
1/2/2019,66772625078
1/3/2019,67953584456
1/4/2019,65814764707
1/5/2019,67262899585
1/6/2019,66397847306
1/7/2019,70896050585
1/8/2019,70054546962
1/9/2019,69704549242
1/10/2019,69979056583
1/11/2019,63296488856
1/12/2019,63541700186
1/13/2019,63049575325
1/14/2019,61304837314
1/15/2019,64111783363
1/16/2019,62447887965
1/17/2019,62993382462
1/18/2019,63370094349
1/19/2019,63065210073
1/20/2019,64337766088
1/21/2019,61825040499
1/22/2019,61704854069
1/23/2019,62464747278
1/24/2019,62008670240
1/25/2019,62404883182
1/26/2019,62201141587
1/27/2019,62024699910
1/28/2019,61602760049
1/29/2019,60022416313
1/30/2019,59036727842
1/31/2019,60368659613
2/1/2019,59730749670
2/2/2019,60080633720
2/3/2019,60624741590
2/4/2019,59835064628
2/5/2019,59561380631
2/6/2019,59786253415
2/7/2019,58872127003
2/8/2019,58770691948
2/9/2019,63337471862
2/10/2019,63578513106
2/11/2019,63235145130
2/12/2019,62493928687
2/13/2019,62896243987
2/14/2019,62693323397
2/15/2019,62479866738
2/16/2019,62514443497
2/17/2019,62814745041
2/18/2019,63827006117
2/19/2019,67999978612
2/20/2019,68193163871
2/21/2019,68760355131
2/22/2019,68373888600
2/23/2019,68997887512
2/24/2019,72202856657
2/25/2019,65781359534
2/26/2019,66893041398
2/27/2019,66389761133
2/28/2019,66615447167
3/1/2019,66555171964
3/2/2019,66803051074
3/3/2019,66784900521
3/4/2019,67106596462
3/5/2019,64984655772
3/6/2019,67432093318
3/7/2019,67721825831
3/8/2019,67695822878
3/9/2019,67471727053
3/10/2019,68521089777
3/11/2019,68473012973
3/12/2019,67458076671
3/13/2019,67731116202
3/14/2019,67593234442
3/15/2019,67686613194
3/16/2019,68513076366
3/17/2019,69960075337
3/18/2019,69640430564
3/19/2019,70321644431
3/20/2019,70675259878
3/21/2019,70866673448
3/22/2019,69762298933
3/23/2019,69832926778
3/24/2019,69802914826
3/25/2019,69568088979
3/26/2019,68602806314
3/27/2019,68703387224
3/28/2019,70506231980
3/29/2019,70577051539
3/30/2019,72318898840
3/31/2019,71770115794
4/1/2019,72190036129
4/2/2019,72626095630
4/3/2019,86691144871
4/4/2019,87791818897
4/5/2019,86933836470
4/6/2019,88073574484
4/7/2019,88811363242
4/8/2019,91945186333
4/9/2019,92567479544
4/10/2019,91441983713
4/11/2019,93417130055
4/12/2019,88641302352
4/13/2019,89154410011
4/14/2019,89226756316
4/15/2019,90637556546
4/16/2019,88581425879
4/17/2019,92348317725
4/18/2019,91964903946
4/19/2019,92736288549
4/20/2019,93148480257
4/21/2019,93739778717
4/22/2019,93362579154
4/23/2019,94751531048
4/24/2019,97677854356
4/25/2019,96107650598
4/26/2019,90604136984
4/27/2019,91993977825
4/28/2019,92339272200
4/29/2019,91072751730
4/30/2019,91100788816
5/1/2019,93696592022
5/2/2019,94026725981
5/3/2019,95315321804
5/4/2019,1.01E+11
5/5/2019,1.02E+11
5/6/2019,1.02E+11
5/7/2019,1.03E+11
5/8/2019,1.03E+11
5/9/2019,1.06E+11
5/10/2019,1.09E+11
5/11/2019,1.13E+11
5/12/2019,1.25E+11
5/13/2019,1.22E+11
5/14/2019,1.39E+11
5/15/2019,1.43E+11
5/16/2019,1.46E+11
5/17/2019,1.39E+11
5/18/2019,1.29E+11
5/19/2019,1.29E+11
5/20/2019,1.40E+11
5/21/2019,1.41E+11
5/22/2019,1.41E+11
5/23/2019,1.34E+11
5/24/2019,1.39E+11
5/25/2019,1.41E+11
5/26/2019,1.42E+11
5/27/2019,1.56E+11
5/28/2019,1.55E+11
5/29/2019,1.53E+11
5/30/2019,1.53E+11
5/31/2019,1.47E+11
6/1/2019,1.51E+11
6/2/2019,1.51E+11
6/3/2019,1.53E+11
6/4/2019,1.40E+11
6/5/2019,1.37E+11
6/6/2019,1.37E+11
6/7/2019,1.38E+11
6/8/2019,1.42E+11
6/9/2019,1.40E+11
6/10/2019,1.34E+11
6/11/2019,1.41E+11
6/12/2019,1.39E+11
6/13/2019,1.44E+11
6/14/2019,1.46E+11
6/15/2019,1.53E+11
6/16/2019,1.56E+11
6/17/2019,1.60E+11
6/18/2019,1.65E+11
6/19/2019,1.61E+11
6/20/2019,1.64E+11
6/21/2019,1.69E+11
6/22/2019,1.80E+11
6/23/2019,1.92E+11
6/24/2019,1.88E+11
6/25/2019,1.96E+11
6/26/2019,2.09E+11
6/27/2019,2.32E+11
6/28/2019,2.00E+11
6/29/2019,2.17E+11
6/30/2019,2.13E+11
7/1/2019,1.92E+11
7/2/2019,1.86E+11
7/3/2019,1.94E+11
7/4/2019,2.12E+11
7/5/2019,1.97E+11
7/6/2019,2.00E+11
7/7/2019,1.99E+11
7/8/2019,2.03E+11
7/9/2019,2.18E+11
7/10/2019,2.27E+11
7/11/2019,2.11E+11
7/12/2019,2.02E+11
7/13/2019,2.09E+11
7/14/2019,2.01E+11
7/15/2019,1.79E+11
7/16/2019,1.93E+11
7/17/2019,1.68E+11
7/18/2019,1.72E+11
7/19/2019,1.88E+11
7/20/2019,1.87E+11
7/21/2019,1.92E+11
7/22/2019,1.88E+11
7/23/2019,1.82E+11
7/24/2019,1.72E+11
7/25/2019,1.77E+11
7/26/2019,1.73E+11
7/27/2019,1.80E+11
7/28/2019,1.67E+11
7/29/2019,1.69E+11
7/30/2019,1.69E+11
7/31/2019,1.72E+11
8/1/2019,1.79E+11
8/2/2019,1.85E+11
8/3/2019,1.87E+11
8/4/2019,1.94E+11
8/5/2019,1.97E+11
8/6/2019,2.09E+11
8/7/2019,2.04E+11
8/8/2019,2.12E+11
8/9/2019,2.13E+11
8/10/2019,2.12E+11
8/11/2019,2.02E+11
8/12/2019,2.04E+11
8/13/2019,2.03E+11
8/14/2019,1.93E+11
8/15/2019,1.80E+11
8/16/2019,1.84E+11
8/17/2019,1.83E+11
8/18/2019,1.82E+11
8/19/2019,1.83E+11
8/20/2019,1.94E+11
8/21/2019,1.91E+11
8/22/2019,1.80E+11
8/23/2019,1.80E+11
8/24/2019,1.85E+11
8/25/2019,1.81E+11
8/26/2019,1.87E+11
8/27/2019,1.84E+11
8/28/2019,1.81E+11
8/29/2019,1.73E+11
8/30/2019,1.69E+11
8/31/2019,1.71E+11
9/1/2019,1.71E+11
9/2/2019,1.74E+11
9/3/2019,1.86E+11
9/4/2019,1.89E+11
9/5/2019,1.88E+11
9/6/2019,1.89E+11
9/7/2019,1.84E+11
9/8/2019,1.88E+11
9/9/2019,1.86E+11
9/10/2019,1.85E+11
9/11/2019,1.81E+11
9/12/2019,1.82E+11
9/13/2019,1.86E+11
9/14/2019,1.85E+11
9/15/2019,1.85E+11
9/16/2019,1.85E+11
9/17/2019,1.83E+11
9/18/2019,1.82E+11
9/19/2019,1.82E+11
9/20/2019,1.84E+11
9/21/2019,1.82E+11
9/22/2019,1.78E+11
9/23/2019,1.79E+11
9/24/2019,1.73E+11
9/25/2019,1.55E+11
9/26/2019,1.51E+11
9/27/2019,1.44E+11
9/28/2019,1.47E+11
9/29/2019,1.47E+11
9/30/2019,1.44E+11
10/1/2019,1.47E+11
10/2/2019,1.49E+11
10/3/2019,1.50E+11
10/4/2019,1.46E+11
10/5/2019,1.46E+11
10/6/2019,1.46E+11
10/7/2019,1.40E+11
10/8/2019,1.47E+11
10/9/2019,1.46E+11
10/10/2019,1.54E+11
10/11/2019,1.53E+11
10/12/2019,1.48E+11
10/13/2019,1.49E+11
10/14/2019,1.48E+11
10/15/2019,1.50E+11
10/16/2019,1.46E+11
10/17/2019,1.43E+11
10/18/2019,1.45E+11
10/19/2019,1.42E+11
10/20/2019,1.42E+11
10/21/2019,1.47E+11
10/22/2019,1.47E+11
10/23/2019,1.44E+11
10/24/2019,1.34E+11
10/25/2019,1.33E+11
10/26/2019,1.62E+11
10/27/2019,1.67E+11
10/28/2019,1.73E+11
10/29/2019,1.67E+11
10/30/2019,1.69E+11
10/31/2019,1.65E+11
11/1/2019,1.64E+11
11/2/2019,1.66E+11
11/3/2019,1.67E+11
11/4/2019,1.65E+11
11/5/2019,1.69E+11
11/6/2019,1.67E+11
11/7/2019,1.68E+11
11/8/2019,1.65E+11
11/9/2019,1.58E+11
11/10/2019,1.58E+11
11/11/2019,1.62E+11
11/12/2019,1.57E+11
11/13/2019,1.58E+11
11/14/2019,1.58E+11
11/15/2019,1.55E+11
11/16/2019,1.52E+11
11/17/2019,1.53E+11
11/18/2019,1.52E+11
11/19/2019,1.47E+11
11/20/2019,1.46E+11
11/21/2019,1.45E+11
11/22/2019,1.37E+11
11/23/2019,1.30E+11
11/24/2019,1.31E+11
11/25/2019,1.23E+11
11/26/2019,1.28E+11
11/27/2019,1.29E+11
11/28/2019,1.36E+11
11/29/2019,1.34E+11
11/30/2019,1.40E+11
12/1/2019,1.35E+11
12/2/2019,1.33E+11
12/3/2019,1.33E+11
12/4/2019,1.30E+11
12/5/2019,1.30E+11
12/6/2019,1.33E+11
12/7/2019,1.36E+11
12/8/2019,1.35E+11
12/9/2019,1.35E+11
12/10/2019,1.32E+11
12/11/2019,1.30E+11
12/12/2019,1.29E+11
12/13/2019,1.30E+11
12/14/2019,1.30E+11
12/15/2019,1.27E+11
12/16/2019,1.27E+11
12/17/2019,1.24E+11
12/18/2019,1.19E+11
12/19/2019,1.32E+11
12/20/2019,1.29E+11
12/21/2019,1.29E+11
12/22/2019,1.29E+11
12/23/2019,1.36E+11
12/24/2019,1.32E+11
12/25/2019,1.30E+11
12/26/2019,1.30E+11
12/27/2019,1.30E+11
12/28/2019,1.31E+11
12/29/2019,1.32E+11
12/30/2019,1.32E+11
12/31/2019,1.30E+11
1/1/2020,1.29E+11
1/2/2020,1.30E+11
1/3/2020,1.25E+11
1/4/2020,1.32E+11
1/5/2020,1.33E+11
1/6/2020,1.33E+11
1/7/2020,1.44E+11
1/8/2020,1.51E+11
1/9/2020,1.44E+11
1/10/2020,1.41E+11
1/11/2020,1.47E+11
1/12/2020,1.44E+11
1/13/2020,1.47E+11
1/14/2020,1.47E+11
1/15/2020,1.60E+11
1/16/2020,1.58E+11
1/17/2020,1.57E+11
1/18/2020,1.62E+11
1/19/2020,1.62E+11
1/20/2020,1.57E+11
1/21/2020,1.56E+11
1/22/2020,1.58E+11
1/23/2020,1.56E+11
1/24/2020,1.52E+11
1/25/2020,1.51E+11
1/26/2020,1.50E+11
1/27/2020,1.56E+11
1/28/2020,1.64E+11
1/29/2020,1.70E+11
1/30/2020,1.68E+11
1/31/2020,1.72E+11
2/1/2020,1.69E+11
2/2/2020,1.69E+11
2/3/2020,1.69E+11
2/4/2020,1.69E+11
2/5/2020,1.66E+11
2/6/2020,1.73E+11
2/7/2020,1.77E+11
2/8/2020,1.77E+11
2/9/2020,1.80E+11
2/10/2020,1.85E+11
2/11/2020,1.78E+11
2/12/2020,1.87E+11
2/13/2020,1.88E+11
2/14/2020,1.85E+11
2/15/2020,1.88E+11
2/16/2020,1.80E+11
2/17/2020,1.79E+11
2/18/2020,1.75E+11
2/19/2020,1.85E+11
2/20/2020,1.74E+11
2/21/2020,1.74E+11
2/22/2020,1.76E+11
2/23/2020,1.76E+11
2/24/2020,1.82E+11
2/25/2020,1.75E+11
2/26/2020,1.69E+11
2/27/2020,1.57E+11
2/28/2020,1.60E+11
2/29/2020,1.59E+11
3/1/2020,1.56E+11
3/2/2020,1.55E+11
3/3/2020,1.61E+11
3/4/2020,1.59E+11
3/5/2020,1.61E+11
3/6/2020,1.64E+11
3/7/2020,1.66E+11
3/8/2020,1.61E+11
3/9/2020,1.48E+11
3/10/2020,1.44E+11
3/11/2020,1.44E+11
3/12/2020,1.44E+11
3/13/2020,84484005233
3/14/2020,99926775572
3/15/2020,94699200690
3/16/2020,95615692734
3/17/2020,91143305283
3/18/2020,97900447882
3/19/2020,98044213192
3/20/2020,1.13E+11
3/21/2020,1.11E+11
3/22/2020,1.12E+11
3/23/2020,1.06E+11
3/24/2020,1.20E+11
3/25/2020,1.21E+11
3/26/2020,1.23E+11
3/27/2020,1.25E+11
3/28/2020,1.14E+11
3/29/2020,1.13E+11
3/30/2020,1.07E+11
3/31/2020,1.17E+11
4/1/2020,1.15E+11
