date,Volume,txCount,marketcap(USD),price,exchangeVolume(USD),generatedCoins,activeAddresses,medianTxValue(USD)
10/6/2014,,5,,,,100,6,
10/7/2014,,2,,,,0,4,
10/8/2014,,1,,,,0,2,
10/9/2014,,2,,,,0,4,
10/10/2014,,3,,,,0,4,
10/11/2014,,1,,,,0,2,
10/12/2014,,1,,,,0,2,
10/13/2014,,2,,,,0,4,
10/14/2014,,0,,,,0,0,
10/15/2014,,0,,,,0,0,
10/16/2014,,0,,,,0,0,
10/17/2014,,0,,,,0,0,
10/18/2014,,0,,,,0,0,
10/19/2014,,0,,,,0,0,
10/20/2014,,0,,,,0,0,
10/21/2014,,10,,,,0,6,
10/22/2014,,1,,,,0,2,
10/23/2014,,0,,,,0,0,
10/24/2014,,0,,,,0,0,
10/25/2014,,0,,,,0,0,
10/26/2014,,0,,,,0,0,
10/27/2014,,0,,,,0,0,
10/28/2014,,2,,,,0,3,
10/29/2014,,0,,,,0,0,
10/30/2014,,0,,,,0,0,
10/31/2014,,1,,,,0,2,
11/1/2014,,0,,,,0,0,
11/2/2014,,0,,,,0,0,
11/3/2014,,0,,,,0,0,
11/4/2014,,1,,,,0,2,
11/5/2014,,0,,,,0,0,
11/6/2014,,0,,,,0,0,
11/7/2014,,0,,,,0,0,
11/8/2014,,0,,,,0,0,
11/9/2014,,0,,,,0,0,
11/10/2014,,0,,,,0,0,
11/11/2014,,0,,,,0,0,
11/12/2014,,0,,,,0,0,
11/13/2014,,1,,,,0,2,
11/14/2014,,16,,,,0,8,
11/15/2014,,2,,,,0,3,
11/16/2014,,2,,,,0,3,
11/17/2014,,0,,,,0,0,
11/18/2014,,2,,,,0,3,
11/19/2014,,0,,,,0,0,
11/20/2014,,1,,,,0,2,
11/21/2014,,4,,,,0,5,
11/22/2014,,1,,,,0,2,
11/23/2014,,0,,,,0,0,
11/24/2014,,1,,,,0,2,
11/25/2014,,2,,,,0,3,
11/26/2014,,4,,,,0,4,
11/27/2014,,1,,,,0,2,
11/28/2014,,0,,,,0,0,
11/29/2014,,0,,,,0,0,
11/30/2014,,0,,,,0,0,
12/1/2014,,0,,,,0,0,
12/2/2014,,0,,,,0,0,
12/3/2014,,0,,,,0,0,
12/4/2014,,7,,,,0,3,
12/5/2014,,7,,,,0,3,
12/6/2014,,6,,,,0,4,
12/7/2014,,2,,,,0,2,
12/8/2014,,6,,,,0,4,
12/9/2014,,5,,,,0,4,
12/10/2014,,1,,,,0,2,
12/11/2014,,0,,,,0,0,
12/12/2014,,1,,,,0,2,
12/13/2014,,0,,,,0,0,
12/14/2014,,0,,,,0,0,
12/15/2014,,1,,,,0,2,
12/16/2014,,8,,,,0,6,
12/17/2014,,26,,,,0,18,
12/18/2014,,1,,,,0,2,
12/19/2014,,10,,,,0,11,
12/20/2014,,5,,,,0,6,
12/21/2014,,12,,,,0,7,
12/22/2014,,7,,,,0,6,
12/23/2014,,0,,,,0,0,
12/24/2014,,1,,,,0,2,
12/25/2014,,0,,,,0,0,
12/26/2014,,0,,,,0,0,
12/27/2014,,0,,,,0,0,
12/28/2014,,0,,,,0,0,
12/29/2014,,0,,,,0,0,
12/30/2014,,0,,,,0,0,
12/31/2014,,0,,,,0,0,
1/1/2015,,0,,,,0,0,
1/2/2015,,0,,,,0,0,
1/3/2015,,0,,,,0,0,
1/4/2015,,0,,,,0,0,
1/5/2015,,2,,,,0,3,
1/6/2015,,7,,,,0,4,
1/7/2015,,5,,,,1500,3,
1/8/2015,,6,,,,0,5,
1/9/2015,,3,,,,250000,3,
1/10/2015,,0,,,,0,0,
1/11/2015,,0,,,,0,0,
1/12/2015,,2,,,,0,3,
1/13/2015,,0,,,,0,0,
1/14/2015,,0,,,,0,0,
1/15/2015,,0,,,,0,0,
1/16/2015,,3,,,,0,5,
1/17/2015,,5,,,,0,4,
1/18/2015,,0,,,,0,0,
1/19/2015,,4,,,,0,2,
1/20/2015,,13,,,,0,5,
1/21/2015,,6,,,,0,7,
1/22/2015,,16,,,,0,17,
1/23/2015,,30,,,,0,19,
1/24/2015,,1,,,,0,2,
1/25/2015,,1,,,,0,2,
1/26/2015,,3,,,,0,5,
1/27/2015,,8,,,,0,8,
1/28/2015,,7,,,,0,5,
1/29/2015,,9,,,,0,7,
1/30/2015,,3,,,,0,6,
1/31/2015,,2,,,,0,3,
2/1/2015,,0,,,,0,0,
2/2/2015,,1,,,,0,2,
2/3/2015,,4,,,,0,4,
2/4/2015,,6,,,,0,6,
2/5/2015,,12,,,,0,13,
2/6/2015,,20,,,,0,15,
2/7/2015,,0,,,,0,0,
2/8/2015,,1,,,,0,2,
2/9/2015,,3,,,,0,4,
2/10/2015,,3,,,,0,5,
2/11/2015,,2,,,,0,3,
2/12/2015,,4,,,,0,5,
2/13/2015,,0,,,,0,0,
2/14/2015,,2,,,,0,2,
2/15/2015,,0,,,,0,0,
2/16/2015,,0,,,,0,0,
2/17/2015,,2,,,,0,4,
2/18/2015,,28,,,,0,17,
2/19/2015,,6,,,,0,6,
2/20/2015,,3,,,,0,5,
2/21/2015,,6,,,,0,4,
2/22/2015,,3,,,,0,3,
2/23/2015,,3,,,,0,4,
2/24/2015,,10,,,,0,10,
2/25/2015,273.3269,3,304476,1.21,6,0,5,0.121
2/26/2015,0,0,304542,1.21,6,0,0,
2/27/2015,30.73514181,11,274083.6,1.0890258,5.4,0,7,4.165104889
2/28/2015,1972.486442,10,243625.2,0.9680516,4.8,0,10,4.661021271
3/1/2015,0,0,213166.8,0.8470774,4.2,0,0,
3/2/2015,9416.689514,6,182708.4,0.7261032,3.6,0,7,116.9931653
3/3/2015,14987.66624,28,152250,0.605129,3,0,14,134.3191335
3/4/2015,8463.454515,12,177087.5,0.70384675,14551.5,0,11,3.526272218
3/5/2015,53.06121765,9,201925,0.8025645,29100,0,10,3.270116069
3/6/2015,40.82262223,7,226762.5,0.90128225,43648.5,0,7,3.719793742
3/7/2015,58153.96224,8,251600,1,58197,0,7,5493.874789
3/8/2015,17.33126796,2,251600,1,31,0,2,8.66563398
3/9/2015,15.42279432,5,251600,1,143,0,7,4.9
3/10/2015,49939.93691,23,251600,1,49997,0,13,0.01
3/11/2015,4.04,5,251600,1,49,0,7,1
3/12/2015,80423.86284,14,251600,1,80418,0,12,5
3/13/2015,550.9835391,8,251600,1,75,0,11,2.69008306
3/14/2015,34209.76905,16,251600,1,17705,0,14,979.6266865
3/15/2015,15410.04,11,251600,1,15125,0,13,300
3/16/2015,136.9193664,4,251600,1,49632,0,6,27.4596832
3/17/2015,48.94365316,5,251600,1,4284,0,8,5
3/18/2015,40.39855394,7,251600,1,202,0,6,4.22625954
3/19/2015,5.40496237,4,251600,1,714,0,4,0.7
3/20/2015,0,0,251600,1,133,0,0,
3/21/2015,0,0,251600,1,206,0,0,
3/22/2015,0,0,251600,1,67,0,0,
3/23/2015,15.3562564,5,251600,1,66,0,8,2
3/24/2015,1037.738517,28,251600,1,1179,0,23,0.02
3/25/2015,42.911,2,251600,1,92,0,4,21.4555
3/26/2015,11.09767372,4,251600,1,2,0,5,2
3/27/2015,6.11,2,251600,1,5,0,4,3.055
3/28/2015,38.08825639,10,251600,1,17,0,11,4.9870437
3/29/2015,22.11131667,8,251600,1,21,0,7,4.01915834
3/30/2015,471.9810494,5,251600,1,495,0,6,10
3/31/2015,2.14,5,251600,1,37,0,7,0.1
4/1/2015,12850,2,251600,1,14,0,3,6425
4/2/2015,7.78617304,9,251600,1,79970,0,7,0.01
4/3/2015,20484.80231,16,251600,1,8887,0,12,1414.25
4/4/2015,194.1,3,251600,1,2018,0,6,50.1
4/5/2015,750,1,251600,1,2887,0,2,750
4/6/2015,504.33,7,251600,1,254,0,8,4.3
4/7/2015,0.00201,3,251600,1,19179,0,4,0.001
4/8/2015,922.6709654,8,251600,1,1024,0,9,3.98498268
4/9/2015,80.03807513,14,251600,1,100949,0,10,3.8883706
4/10/2015,4.311,6,251600,1,470,0,7,0.095
4/11/2015,2.62349022,3,251600,1,2869,0,4,1
4/12/2015,1.01,1,251600,1,1971,0,2,1.01
4/13/2015,13.77549731,11,251600,1,46026,0,9,0.66673171
4/14/2015,48.36146355,19,251600,1,50324,0,6,0.10878832
4/15/2015,1313.146886,15,251600,1,40700,0,15,2
4/16/2015,1357.164298,41,251600,1,46909,0,24,1
4/17/2015,87.11450781,24,251600,1,50,0,16,2.52630581
4/18/2015,6.3,10,251600,1,49,0,13,0.45
4/19/2015,18.2236608,82,251600,1,22,0,15,0.1
4/20/2015,73.05369017,16,251600,1,38,0,16,1
4/21/2015,21.66978593,7,251600,1,85933,0,9,3.34271317
4/22/2015,12189.20202,11,251600,1,40306,0,11,5
4/23/2015,1563.472096,8,251600,1,21632,0,7,200
4/24/2015,12185.07788,16,251600,1,20262,0,16,111.3644695
4/25/2015,256.01,7,251600,1,26,0,10,20.5
4/26/2015,0,0,251600,1,555,0,0,
4/27/2015,20343.65012,22,251600,1,17806,0,18,44.25
4/28/2015,25413.34542,22,251600,1,42628,0,15,341.25
4/29/2015,32.98885957,9,251600,1,12,0,6,3.75
4/30/2015,235.4963478,10,251600,1,613,0,10,0.7428691
5/1/2015,2.971476,2,251600,1,48,0,3,1.485738
5/2/2015,1,1,251600,1,4,0,2,1
5/3/2015,1425.071153,5,251600,1,1518,0,5,0.02382106
5/4/2015,11.15806422,7,251600,1,83171,0,6,0.01
5/5/2015,54.09873936,5,251600,1,21,0,6,18
5/6/2015,12.47787934,7,251600,1,10,0,8,1
5/7/2015,121.345414,4,251600,1,120,0,5,7.47087237
5/8/2015,1287.897318,9,251600,1,546,0,12,100
5/9/2015,124.0809992,11,251600,1,171,0,14,3
5/10/2015,4934.047343,15,251600,1,2466,0,14,50
5/11/2015,1115.8,8,251600,1,584,0,8,128.7
5/12/2015,2,4,251600,1,5,0,4,0.5
5/13/2015,1689.106638,11,251600,1,0,0,15,10
5/14/2015,4827.240055,16,251600,1,2185,0,15,95
5/15/2015,122.596697,13,251600,1,92,0,15,4
5/16/2015,179.6,2,251600,1,297,0,4,89.8
5/17/2015,632.6973497,11,251600,1,683,0,4,0.02299791
5/18/2015,215175.0827,9,251600,1,31,200000,8,600
5/19/2015,33698.95955,49,451600,1,25359,0,37,100
5/20/2015,655.3612324,15,451600,1,21979,0,12,2.290734
5/21/2015,47934.07475,24,451600,1,53849,0,17,75.39861799
5/22/2015,1614.055004,4,451600,1,20209,0,4,150
5/23/2015,547202.8544,14,451600,1,30,0,12,713.6459434
5/24/2015,5349.046896,9,451600,1,5382,0,8,1
5/25/2015,413215.0141,23,451600,1,2846,0,17,2.5
5/26/2015,2944.711809,15,451600,1,1244,0,11,4.46014889
5/27/2015,125053.0402,4,451600,1,28002,0,5,12500
5/28/2015,25793.06343,29,451600,1,70612,0,22,3.5457942
5/29/2015,50207.37621,27,451600,1,16640,0,18,23.59205833
5/30/2015,21722.80252,40,451600,1,12448,0,24,21.57220222
5/31/2015,2740.056096,19,451600,1,2522,0,13,3.43962596
6/1/2015,7651.381603,16,451600,1,40887,0,12,10.51860917
6/2/2015,27109.66829,47,451600,1,75456,0,25,120
6/3/2015,16328.27139,8,451600,1,24994,0,9,28.82095675
6/4/2015,3116.971284,15,451600,1,152,0,15,6.23910014
6/5/2015,8.99112683,5,451600,1,22,0,6,0.21
6/6/2015,0,0,451600,1,30,0,0,
6/7/2015,1894.341547,15,451600,1,1547,0,11,0.02226656
6/8/2015,1241.532677,6,451600,1,126,0,5,55
6/9/2015,1393.573349,7,451600,1,323,0,6,196.72
6/10/2015,66849.68264,16,451600,1,45551,0,12,22.0151167
6/11/2015,158.0281563,5,451600,1,50162,0,7,10
6/12/2015,12052.33987,7,451600,1,41981,0,8,45.91013088
6/13/2015,1576.939923,3,451600,1,1636,0,4,228.1499227
6/14/2015,1342.966633,7,451600,1,1349,0,5,100
6/15/2015,19675.82342,14,451600,1,262077,0,15,17.78222778
6/16/2015,25482.86,24,451600,1,204282,0,21,100.5
6/17/2015,10826.4666,23,451600,1,7822,0,13,64.68
6/18/2015,3150.083848,17,451600,1,33804,0,14,53.6069242
6/19/2015,7145.253565,19,451600,1,10983,0,15,34.86873625
6/20/2015,2060,5,451600,1,2424,0,5,50
6/21/2015,170.566489,3,451600,1,371,0,3,24.44648904
6/22/2015,123.1650886,1,451600,1,404,0,2,123.1650886
6/23/2015,44.06,10,451600,1,19973,0,10,4
6/24/2015,501252.1323,27,451600,1,633456,0,15,81.7
6/25/2015,61155,27,451600,1,63845,0,14,200.71
6/26/2015,4462.467478,22,451600,1,3129,0,12,99.6477867
6/27/2015,52.60057692,7,451600,1,668536,0,8,9.1633455
6/28/2015,351.0403396,4,451600,1,409,0,5,12.4601698
6/29/2015,410.3826103,7,451600,1,3121,0,9,21
6/30/2015,1827.399961,12,451600,1,472575,0,11,21.91
7/1/2015,41483.20851,19,451600,1,110325,0,19,1050
7/2/2015,5150.630421,13,451600,1,1436,0,12,32.81
7/3/2015,5009.815752,2,451600,1,14061,0,4,2504.907876
7/4/2015,74.87668128,15,451600,1,100,0,5,0.02520793
7/5/2015,7239.976247,14,451600,1,8107,0,12,12.40869845
7/6/2015,2456.581757,10,451600,1,652389,0,9,8.95210246
7/7/2015,12750.00294,7,451600,1,34946,0,10,650
7/8/2015,7677.470957,13,451600,1,1633,0,13,21.25
7/9/2015,5807.52,12,451600,1,516,0,15,10.535
7/10/2015,21.26404214,13,451600,1,1065,0,10,0.02668959
7/11/2015,2093.75933,9,451600,1,1622,0,8,62.31
7/12/2015,505,2,451600,1,3187,0,4,252.5
7/13/2015,4548.088021,12,451600,1,242557,0,8,3.46891244
7/14/2015,64228.31217,30,451600,1,31442,0,25,111.645
7/15/2015,1624.500383,5,451600,1,1132,0,5,14.50038337
7/16/2015,89819.38245,25,451600,1,33532,0,22,500
7/17/2015,61993.90094,32,451600,1,665897,0,17,1720.14047
7/18/2015,5008.033898,11,451600,1,50532,0,11,3.49194892
7/19/2015,2200,2,451600,1,2709,0,4,1100
7/20/2015,178.7536874,7,451600,1,659,0,9,1
7/21/2015,6689.305111,6,451600,1,5796,0,10,282.7012778
7/22/2015,582.7130853,11,451600,1,507,0,10,21.07
7/23/2015,14842.5,10,451600,1,4234,0,9,124.75
7/24/2015,38882.24681,29,451600,1,32140,0,24,71.96
7/25/2015,296.5926073,9,451600,1,521,0,12,5.79831014
7/26/2015,296.7835018,9,451600,1,25,0,9,10
7/27/2015,12660.75021,27,451600,1,2251,0,21,50.29723597
7/28/2015,3342.074058,14,451600,1,50303,0,13,5.80885994
7/29/2015,402092.5168,9,451600,1,404935,0,11,6752.982332
7/30/2015,624.49,3,451600,1,28285,0,6,24.89
7/31/2015,8212.13,2,451600,1,110,0,2,4106.065
8/1/2015,220.2,3,451600,1,1766,0,5,20
8/2/2015,4341.748821,7,451600,1,4443,0,10,100
8/3/2015,1467.406518,12,451600,1,258279,0,9,35.5
8/4/2015,3695,2,451600,1,4182,0,4,1847.5
8/5/2015,12331.84595,18,451600,1,11013,0,18,75.555
8/6/2015,18246.51699,23,451600,1,15979,0,20,2.26470581
8/7/2015,280003.0509,19,451600,1,189055,0,17,2295
8/8/2015,129.5799953,7,451600,1,2229,0,8,0.02069264
8/9/2015,73300.24349,24,451600,1,657,0,19,20.385
8/10/2015,82941.84153,19,451600,1,152265,0,16,550
8/11/2015,16846.6258,21,451600,1,526,0,15,24.23
8/12/2015,6963.13703,25,451600,1,1602,0,10,49.52
8/13/2015,83.92,3,451600,1,1521,0,4,39.69
8/14/2015,4926.848023,14,451600,1,2346,0,16,8
8/15/2015,745.661963,18,451600,1,4232,0,19,0.85442117
8/16/2015,383.435651,18,451600,1,1644,0,14,20.5
8/17/2015,43131.99243,15,451600,1,20942,0,11,50.5
8/18/2015,36109.82722,38,451600,1,65246,0,23,13
8/19/2015,242771.8522,77,451600,1,157207,0,35,139.02
8/20/2015,4916.431763,13,451600,1,2841,0,12,4.45
8/21/2015,4900.500119,7,451600,1,5957,0,8,750
8/22/2015,100.6600861,5,451600,1,1296,0,5,20.42
8/23/2015,34.4532417,5,451600,1,2275,0,7,9.88566804
8/24/2015,1584.195604,6,451600,1,73637,0,5,18.66855099
8/25/2015,417127.86,30,451600,1,433444,0,15,118.7192513
8/26/2015,129150.5362,7,451600,1,1643,0,7,19.21
8/27/2015,1639.148861,5,451600,1,2446,0,7,19.04
8/28/2015,6739.107631,14,451600,1,6213,0,12,18.52
8/29/2015,2193.738403,11,451600,1,1207,0,12,134.2646763
8/30/2015,470.3678304,40,451600,1,3319,0,38,0.02624441
8/31/2015,9924.714681,47,451600,1,7022,0,38,1.6487089
9/1/2015,4283.100292,16,451600,1,6136,0,13,70.03
9/2/2015,518.4110877,22,451600,1,1710,0,16,0.01
9/3/2015,696.374092,26,451600,1,890,0,17,0.015
9/4/2015,170.4224964,17,451600,1,672,0,15,0.5
9/5/2015,14015.12055,51,451600,1,13467,0,23,125
9/6/2015,23227.94516,35,451600,1,17951,0,11,500
9/7/2015,19324.15244,29,451600,1,22316,0,21,31.3
9/8/2015,3063.073467,24,451600,1,2963,0,21,1.5
9/9/2015,100827.5379,632,451600,1,106307,0,46,1.00E-06
9/10/2015,10001.02113,209,451600,1,9265,0,13,1.00E-07
9/11/2015,53204.04593,18,451600,1,29213,0,14,13
9/12/2015,6718,9,451600,1,4331,0,7,599.5
9/13/2015,118.8643733,6,451600,1,696,0,7,10.217427
9/14/2015,16374.14681,63,451600,1,228,0,36,0.02
9/15/2015,71785.54698,32,451600,1,71982,0,16,0.02
9/16/2015,130657.478,27,451600,1,52821,0,24,4.1
9/17/2015,77955.41063,29,451600,1,28268,0,18,1850
9/18/2015,23159.62181,19,451600,1,15624,0,18,23.08084979
9/19/2015,1052.104491,7,451600,1,821,0,8,20
9/20/2015,39,2,451600,1,112,0,3,19.5
9/21/2015,10061.97555,13,451600,1,9470,0,12,3.97198751
9/22/2015,21791.63458,39,451600,1,19998,0,25,0.02
9/23/2015,1011.811815,33,451600,1,5751,0,18,0.02
9/24/2015,102264.1233,19,451600,1,103489,0,13,100
9/25/2015,216.4042847,31,451600,1,608,0,17,0.1
9/26/2015,3758.855746,7,451600,1,528,0,8,123.7201413
9/27/2015,0.05626672,4,451600,1,1998,0,4,0.0165254
9/28/2015,406418.81,18,451600,1,394927,0,10,18245
9/29/2015,413900.4813,36,451600,1,419071,0,19,63.75
9/30/2015,143549.778,21,451600,1,142982,0,16,5
10/1/2015,179093.847,10,451600,1,178994,0,9,1027.5
10/2/2015,13070.76148,12,451600,1,14619,0,10,99.5
10/3/2015,369769.3145,18,451600,1,368077,0,11,850
10/4/2015,70572.6357,10,451600,1,3459,0,9,36.755
10/5/2015,19430.57844,18,451600,1,17654,0,15,82.5
10/6/2015,52627.25678,36,451600,1,55914,0,22,34.85
10/7/2015,9019.851828,31,451600,1,8055,0,19,53.13351521
10/8/2015,2744.746482,43,451600,1,5197,0,24,25.65
10/9/2015,57565.82766,18,451600,1,1830,0,16,42.85
10/10/2015,128339.37,10,451600,1,117,0,8,97.4888866
10/11/2015,23476.93344,7,451600,1,47946,0,5,125
10/12/2015,57078.5846,77,451600,1,25978,0,42,0.02
10/13/2015,137401.9716,45,451600,1,122426,0,27,397.14
10/14/2015,10672.82408,20,451600,1,10378,0,18,147.35
10/15/2015,105036.3313,86,451600,1,98815,0,45,30.69
10/16/2015,49129.23571,46,451600,1,37796,0,24,359.9541
10/17/2015,4255.827796,25,451600,1,3697,0,18,72.368
10/18/2015,4454.459232,31,451600,1,3108,0,16,153.5
10/19/2015,3949.4,8,451600,1,6589,0,6,124.2
10/20/2015,40811.17825,37,451600,1,30335,0,36,75
10/21/2015,22586.99746,24,451600,1,42472,0,16,132.46
10/22/2015,136362.2675,41,451600,1,76061,0,23,200
10/23/2015,181614.0835,44,451600,1,115132,0,27,1073.5
10/24/2015,106246.7321,44,451600,1,73679,0,26,62.271
10/25/2015,162936.6914,51,451600,1,191596,0,25,150
10/26/2015,38583.88396,37,451600,1,40692,0,18,52.9475738
10/27/2015,57661.63074,75,451600,1,51400,0,25,24.27970208
10/28/2015,67468.0068,68,451600,1,64488,0,21,125
10/29/2015,223216.3435,67,451600,1,227491,0,21,32.02
10/30/2015,230282.4113,86,451600,1,26909,0,25,112.5
10/31/2015,35748.82022,76,451600,1,26367,0,23,67.05
11/1/2015,7350.793416,47,451600,1,4506,0,20,11.2
11/2/2015,291428.7191,131,451600,1,15845,0,33,100
11/3/2015,47861.78898,177,451600,1,90103,0,40,49.76
11/4/2015,158757.6607,193,451600,1,181021,0,42,122.16
11/5/2015,236831.9278,153,451600,1,226537,0,40,148.5
11/6/2015,363002.0887,139,451600,1,372540,0,38,94.45794426
11/7/2015,665849.3743,98,451600,1,999501,0,32,150.675
11/8/2015,12467.16707,49,451600,1,143097,0,20,109.1665262
11/9/2015,40012.39089,81,451600,1,18568,0,25,142.01
11/10/2015,567875.4743,28,451600,1,14722,0,13,55.115
11/11/2015,1752963.118,37,451600,1,34324,0,18,3399.5
11/12/2015,38528.21658,44,451600,1,34994,0,21,149.62365
11/13/2015,65183.84712,51,451600,1,49617,0,21,81.7146
11/14/2015,30865.51786,29,451600,1,28995,0,11,51.89
11/15/2015,7264.642568,20,451600,1,33393,0,8,111.065
11/16/2015,9159.695388,9,451600,1,10553,0,5,495.6953885
11/17/2015,18573.77208,10,451600,1,25693,0,11,82
11/18/2015,2088.068566,22,451600,1,6058,0,7,66.36599315
11/19/2015,15836.01918,40,451600,1,18891,0,16,9.92557306
11/20/2015,19628.35224,38,451600,1,10003,0,15,10.5408659
11/21/2015,3899.69592,15,451600,1,6456,0,9,97
11/22/2015,2802.774859,21,451600,1,5443,0,13,74.58
11/23/2015,29363.58199,11,451600,1,25499,0,9,1049.5
11/24/2015,6900.897529,13,451600,1,11121,0,10,419.8576
11/25/2015,1493.13,15,451600,1,6875,0,12,12
11/26/2015,11735.58132,54,451600,1,20800,0,20,99.75
11/27/2015,12620.58257,40,451600,1,8253,0,13,33.26342565
11/28/2015,16187.69603,18,451600,1,22508,0,8,62.71
11/29/2015,105847.12,7,451600,1,134696,0,6,258.5
11/30/2015,413740.7539,33,451600,1,659724,0,16,31.48
12/1/2015,572995.9242,33,451600,1,129772,500000,21,179
12/2/2015,250237.9727,34,951594,0.999994,195747,0,18,1380.966969
12/3/2015,267947.7,26,951600,1,141337,0,16,10
12/4/2015,6171.631077,15,951600,1,7738,0,12,60
12/5/2015,4554.803144,11,951600,1,21568,0,14,1.11114406
12/6/2015,217621.4454,71,951600,1,220143,0,14,50.5
12/7/2015,4296.990525,45,951600,1,11224,0,14,50
12/8/2015,640807.3128,53,951600,1,9504,0,31,15.86
12/9/2015,1024343.03,105,951762,1,17421,0,29,82.13
12/10/2015,21350.503,41,951667,1,23195,0,17,172
12/11/2015,146317.7851,40,951600,1,102209,0,16,98.43645273
12/12/2015,23657.56254,80,951600,1,39261,0,19,106.595
12/13/2015,13154.38685,58,951600,1,13796,0,14,124.165
12/14/2015,4475.173653,68,951600,1,8173,0,14,39.97
12/15/2015,1110783.779,78,951600,1,22210,0,22,70.19
12/16/2015,212630.8454,82,951600,1,143155,0,22,85.725
12/17/2015,1512069.199,32,951600,1,2226,0,14,48.93
12/18/2015,1382267.783,71,951600,1,6493,0,25,67.99
12/19/2015,14582.6601,62,951600,1,23202,0,14,109.58
12/20/2015,3814.776537,26,951600,1,16100,0,12,27.50173639
12/21/2015,8974.341404,29,951600,1,18913,0,18,55
12/22/2015,1533946.371,35,951471,0.999864,10915,0,21,133.3913158
12/23/2015,527216.1054,35,951414,0.999805,66711,0,25,135.573558
12/24/2015,164329.6266,47,951600,1,91078,0,21,41.89
12/25/2015,618007.9469,45,951600,1,618112,0,12,41.89
12/26/2015,7732.432292,19,951600,1,15305,0,15,126.7481913
12/27/2015,25348.55313,21,951600,1,26317,0,14,552
12/28/2015,158066.1156,23,951600,1,82323,0,18,153.3
12/29/2015,18856.08921,65,951600,1,14115,0,29,6.4
12/30/2015,257798.6614,25,951600,1,7389,0,18,42
12/31/2015,7469.653791,24,951600,1,6995,0,11,116.345
1/1/2016,4095.227022,28,951600,1,4876,0,15,23.47
1/2/2016,2075.799603,92,951600,1,4701,0,17,0.00016392
1/3/2016,410.9043558,497,951600,1,1389,0,8,0.00015928
1/4/2016,163693.158,1564,951600,1,81182,0,18,0.00016046
1/5/2016,1581.941165,52,951600,1,1350,0,37,0.9936875
1/6/2016,1061117.811,28,951838,1,541019,500000,16,16.66562062
1/7/2016,856329.2654,73,1451600,1,25544,0,42,125
1/8/2016,20355.39869,44,1451600,1,13420,0,34,22.15
1/9/2016,2168.811269,18,1451600,1,3359,0,12,43.35
1/10/2016,66943.95556,33,1451600,1,66196,0,15,76.68
1/11/2016,315639.7437,34,1451600,1,118900,0,23,401.81
1/12/2016,2051.220637,28,1451600,1,11714,0,18,17.49746101
1/13/2016,364136.3686,25,1451600,1,9873,0,23,29.91947938
1/14/2016,22990.62366,26,1452270,1,20292,0,19,373.1
1/15/2016,172739.0645,26,1451600,1,95995,0,25,206.873733
1/16/2016,65751.76907,43,1451600,1,74254,0,30,297.4
1/17/2016,5258.524259,26,1452170,1,17361,0,9,112.055
1/18/2016,141385.0935,71,1451600,1,160834,0,28,249.93
1/19/2016,2733444.034,36,1451600,1,9857,0,20,385.223778
1/20/2016,1282746.69,39,1451600,1,17069,0,24,200
1/21/2016,29388.95847,50,1451600,1,35772,0,22,90.845
1/22/2016,968254.1918,39,1451600,1,26682,0,20,171.04
1/23/2016,14178.87016,32,1451700,1,28438,0,17,111.46
1/24/2016,8726.170155,20,1451770,1,21139,0,12,62.965
1/25/2016,17008.029,42,1451610,1,44570,0,25,10
1/26/2016,82640.20272,18,1451610,1,69162,0,15,193.8
1/27/2016,19464.10959,48,1451600,1,37598,0,22,106.065
1/28/2016,303640.1264,52,1451600,1,155498,0,27,41.24
1/29/2016,81974.54152,39,1451600,0.999999,73399,0,23,96.999903
1/30/2016,5160.749162,10,1451570,0.999978,6307,0,13,74.99835
1/31/2016,3133.771265,16,1451600,1,10385,0,11,163.9428855
2/1/2016,59413.45885,30,1451600,0.999999,76317,0,20,374.0596259
2/2/2016,705968.7928,22,1451560,0.999969,7113,0,12,272.7215454
2/3/2016,208393.9999,58,1451600,1,104733,0,28,283.965
2/4/2016,210878.9791,53,1451600,1,150392,0,24,296.46
2/5/2016,225801.9859,31,1451600,1,97341,0,17,413.9
2/6/2016,709855.8777,32,1451600,1,715070,0,23,480.938353
2/7/2016,13340.8765,29,1451600,1,27176,0,15,484.17
2/8/2016,37698.91429,30,1451600,1,36002,0,16,116.375
2/9/2016,11668.43192,21,1451600,1,36351,0,17,352.702681
2/10/2016,55584.98677,63,1451600,1,125936,0,22,159.04
2/11/2016,32186.11774,50,1451600,1,65354,0,21,71.88151188
2/12/2016,301608.7533,110,1451600,1,407856,0,37,94.9035625
2/13/2016,27296.7948,67,1451600,1,98085,0,28,96.30599988
2/14/2016,25414.51663,62,1451600,1,52365,0,24,65.65355999
2/15/2016,56517.2136,73,1452860,1,95454,0,27,112.46
2/16/2016,18102.78752,30,1451610,1,58641,0,18,92.61532581
2/17/2016,268097.0936,99,1451610,1,169298,0,33,88.02
2/18/2016,47982.92002,60,1451600,1,71827,0,27,33.7
2/19/2016,26786.58992,40,1451600,1,50866,0,20,13.605
2/20/2016,30640.87076,61,1451600,1,57051,0,14,337.5
2/21/2016,28478.71279,93,1451600,1,55018,0,27,61.4
2/22/2016,19443.5455,55,1451600,1,46520,0,23,337.5
2/23/2016,32252.3437,56,1451600,1,107259,0,28,133.9679152
2/24/2016,29778.2209,66,1451600,1,85160,0,32,146.2728069
2/25/2016,496945.2346,195,1451370,0.999844,433922,0,58,403.2231949
2/26/2016,111925.4674,82,1451600,1,102891,0,40,129.5416816
2/27/2016,73924.8566,61,1451600,1,96721,0,21,267.5085108
2/28/2016,45114.49877,57,1451600,1,114084,0,25,149.57
2/29/2016,68167.57044,49,1451600,1,77532,0,17,110.88
3/1/2016,336111.0741,70,1451630,1,143221,0,26,388.65
3/2/2016,36529.32898,65,1451590,0.999991,61533,0,27,119.4989245
3/3/2016,64503.24376,55,1451540,0.999961,179492,0,31,87.75019075
3/4/2016,29095.30106,76,1451600,0.999999,150575,0,24,31.43497715
3/5/2016,184693.0733,131,1451600,1,354905,0,39,395.25
3/6/2016,81931.04532,107,1451600,1,279531,0,31,180.2187382
3/7/2016,44788.47233,22,1451600,0.999998,143086,0,16,763.998472
3/8/2016,57789.20395,22,1451600,0.999998,144215,0,18,499.999
3/9/2016,38036.0508,30,1451600,1,158280,0,22,83.7523271
3/10/2016,29260.98514,38,1451450,0.999895,126353,0,20,657.4309625
3/11/2016,39305.54045,32,1451590,0.999994,92528,0,20,544.99673
3/12/2016,22670.33378,23,1451590,0.999995,253278,0,17,129.99935
3/13/2016,20668.01138,46,1451450,0.999896,209067,0,27,151.2939537
3/14/2016,51931.27016,81,1451480,0.999917,369834,0,25,304.9846842
3/15/2016,40016.02454,61,1451590,0.999994,72352,0,27,307.5081549
3/16/2016,18876.6,29,1451600,1,74773,0,15,208.07
3/17/2016,70527.2251,54,1451600,1,219091,0,23,102.35
3/18/2016,66995.43851,41,1451580,0.999983,326978,0,18,487.991704
3/19/2016,66359.7054,31,1451590,0.999998,119685,0,21,999.998
3/20/2016,16719.02274,20,1451590,0.999998,82858,0,13,228.1715328
3/21/2016,85980.68958,48,1451590,0.999998,188116,0,14,204.1045918
3/22/2016,44456.68268,39,1451590,0.999999,118249,0,13,219.99978
3/23/2016,74476.04152,25,1451590,0.999999,82970,0,20,142.999857
3/24/2016,32886.56726,40,1451590,0.999999,108214,0,16,3.4999965
3/25/2016,13641.056,18,1451550,0.999973,32068,0,16,29.99919
3/26/2016,12678.8378,22,1451590,1,43612,0,11,43.78
3/27/2016,64869.20147,48,1451590,1,111330,0,11,205.48
3/28/2016,39133.25478,44,1451590,1,112757,0,16,229.75
3/29/2016,943172.2462,56,1451590,1,1042210,0,23,243.005
3/30/2016,79819.79733,38,1451590,1,204201,0,16,208.0599051
3/31/2016,128172.8744,49,1451590,1,147747,0,25,2.5
4/1/2016,122585.3824,45,1451590,1,50033,0,30,249.5
4/2/2016,124117.7107,23,1451590,1,103658,0,14,170.9492956
4/3/2016,51871.29913,80,1451590,1,99267,0,25,171.7834882
4/4/2016,532874.9962,98,1451590,1,486533,0,27,229.5
4/5/2016,59443.66205,26,1451590,1,115498,0,18,213.577837
4/6/2016,56311.82377,50,1451590,1,82048,0,29,10.53
4/7/2016,6230.538298,17,1451620,1,44185,0,10,10.43829757
4/8/2016,353469.9787,25,1451620,1,441626,0,15,202.0823137
4/9/2016,24103.87834,63,1451590,1,117876,0,18,209.6343249
4/10/2016,4193.426479,29,1451590,1,173469,0,11,133.37
4/11/2016,10009.52717,38,1451590,1,38497,0,28,98.52
4/12/2016,342049.4497,49,1451370,0.999846,430502,0,19,222.8156811
4/13/2016,163286.8224,41,1451590,1,173569,0,19,99.9
4/14/2016,417958.4543,39,1451590,1,349208,0,24,1372.5
4/15/2016,66130.98132,19,1451590,1,79197,0,13,79.58
4/16/2016,51439.37503,17,1451590,1,66411,0,15,1574.8
4/17/2016,27361.37221,39,1451590,1,121920,0,16,215.8749499
4/18/2016,229555.5141,35,1451590,1,160979,0,21,233.61
4/19/2016,78315.25517,27,1451590,1,116370,0,16,141.3341903
4/20/2016,73474.15519,42,1451590,1,103226,0,17,207.1626406
4/21/2016,203689.9768,65,1451590,1,278840,0,31,218.5
4/22/2016,158854.6106,62,1451590,1,143608,0,30,199.1359362
4/23/2016,502151.8509,31,1451590,1,512936,0,14,209
4/24/2016,42019.07652,23,1451590,1,68016,0,15,79.52
4/25/2016,367369.1543,57,1451590,1,298864,0,31,244.5
4/26/2016,503331.0875,48,1451590,1,515109,0,23,2899.5
4/27/2016,1012492.759,39,1451590,1,481952,0,33,300
4/28/2016,576895.7426,70,1451590,1,544476,500000,27,337.5
4/29/2016,187019.2771,51,1951590,1,146006,0,29,369.19
4/30/2016,534424.8873,81,1951590,1,454278,0,22,234.4
5/1/2016,20638.76152,33,1951590,1,49006,0,9,235.56
5/2/2016,92171.67392,52,1951590,1,193440,0,17,242.09
5/3/2016,422976.6683,27,1951590,1,408428,0,15,1414
5/4/2016,300432.3856,24,1951590,1,215176,0,15,370.7073012
5/5/2016,1200700.369,33,1951590,1,753773,0,16,269.2195336
5/6/2016,2697793.765,47,1951590,1,2747610,0,22,201.01
5/7/2016,34305.71699,41,1951590,1,73083,0,19,235
5/8/2016,45545.17353,16,1951590,1,80059,0,12,73.88
5/9/2016,397959.2986,27,1951590,1,324466,0,16,5000
5/10/2016,6493842.603,51,1951590,1,6102180,0,17,3024
5/11/2016,231174.029,27,1951590,1,270254,0,18,65.77222995
5/12/2016,356506.9779,25,1951590,1,168513,0,18,223.5
5/13/2016,4384.477892,21,1951590,1,62149,0,13,96.85
5/14/2016,3074.732278,4,1958050,1,61320,0,6,1000
5/15/2016,164492.739,26,1958460,1,219450,0,24,48.29093375
5/16/2016,1017157.869,16,1951590,1,567230,0,14,1159.75
5/17/2016,136225.456,27,1951590,1,178706,0,23,129.5
5/18/2016,192796.064,71,1951590,1,229307,0,30,242
5/19/2016,251927.7157,56,1951590,1,329926,0,29,850
5/20/2016,210854.088,112,1951590,1,261677,0,38,235.85
5/21/2016,112925.9239,121,1951590,1,167338,0,29,279
5/22/2016,8204.120209,42,1951590,1,104196,0,10,268.75
5/23/2016,293813.8314,89,1951590,1,190548,0,34,266
5/24/2016,214697.9013,56,1951590,1,153609,0,29,282.41
5/25/2016,154644.1479,45,1951630,1,209870,0,23,49.957564
5/26/2016,5704808.616,60,1951590,1,5707670,0,26,1384
5/27/2016,509396.7247,164,1951590,1,707718,0,34,335.64
5/28/2016,317450.2687,292,1951590,1,613257,0,45,332.7
5/29/2016,1775536.407,292,1951590,1,705697,0,67,517.9
5/30/2016,606096.233,198,1951590,1,422532,0,53,307.63
5/31/2016,189224.6768,198,1951590,1,2580270,0,42,337.5
6/1/2016,1270324.174,256,1951590,1,1030660,1000000,51,495.16
6/2/2016,203375.4182,119,2951590,1,223416,0,36,437.37
6/3/2016,5068283.234,197,2951590,1,2459760,0,50,450
6/4/2016,110700.3883,73,2951590,1,438311,0,32,533.19
6/5/2016,237055.9273,52,2951590,1,139775,0,31,117.955
6/6/2016,725021.3642,98,2951590,1,792495,0,41,64.505
6/7/2016,107273.9318,107,2951590,1,295779,0,38,134.32
6/8/2016,44319.91045,57,2951590,1,155586,0,24,174.15
6/9/2016,1760383.226,105,2951590,1,149115,0,33,129.5
6/10/2016,203204.5614,63,2951590,1,206234,0,31,164.52
6/11/2016,32012.4303,57,2951590,1,134797,0,13,499.8
6/12/2016,369994.6155,325,2951590,1,1030810,0,50,374.1817351
6/13/2016,1479682.387,368,2951590,1,1673420,0,79,523.06
6/14/2016,2514520.605,456,2951590,1,2479570,3000000,112,704
6/15/2016,3424905.6,455,5951590,1,1738970,0,102,781.94
6/16/2016,2013100.146,456,5951590,1,3547690,0,101,751.89
6/17/2016,1824369.875,400,5951580,0.999999,6105470,0,126,628.4993715
6/18/2016,1265316.613,294,5951580,0.999999,3759450,0,70,608.2024418
6/19/2016,438635.7222,163,5951580,0.999999,1377470,0,63,274.8097252
6/20/2016,2653353.15,152,5951580,0.999999,2855850,0,49,999.999
6/21/2016,2892958.399,307,5951590,1,3652970,0,76,860.94
6/22/2016,1668924.084,220,5951590,1,3966370,0,64,692.2392322
6/23/2016,799543.2942,273,5951590,1,2838010,0,83,1004.12
6/24/2016,1875199.589,207,5951590,1,3067830,0,86,1407.62
6/25/2016,160153.4813,136,5951650,1,1223680,0,46,356.23
6/26/2016,364879.1953,109,5951650,1,798039,0,33,258.22
6/27/2016,149436.0778,97,5951650,1,576205,0,52,399.5
6/28/2016,1515107.7,153,5951310,0.999953,2242170,0,60,1252.291909
6/29/2016,456169.5705,83,5951590,1,808151,0,32,1795.610007
6/30/2016,858885.456,100,5951590,1,1322550,0,40,1575.106975
7/1/2016,716453.4643,95,5951590,1,985150,0,43,4681.5
7/2/2016,162157.959,48,5951590,1,561867,0,27,616.11
7/3/2016,613570.0685,65,5951590,1,1161670,0,26,2860.65
7/4/2016,845933.2913,186,5951590,1,1703670,0,48,1257.493059
7/5/2016,742477.1635,135,5951590,1,1405480,0,49,1099.5
7/6/2016,289360.3004,76,5951590,1,567909,0,35,217.93
7/7/2016,1210858.573,165,5951590,1,1875330,0,49,1939.697631
7/8/2016,760462.9342,98,5951540,0.999991,1277010,0,44,1499.9865
7/9/2016,337352.4397,81,5951580,0.999999,878486,0,31,566.9952351
7/10/2016,157524.6135,42,5951580,0.999999,284642,0,25,447.1395529
7/11/2016,456928.7267,71,5951580,0.999999,651964,0,40,656.7483258
7/12/2016,702652.7747,69,5952540,1,888710,1000000,45,1000
7/13/2016,344582.4774,44,6951590,1,368649,0,23,2000.172714
7/14/2016,353030.2126,45,6951590,1,640118,0,30,1999.5
7/15/2016,433886.9476,60,6951590,1,581262,0,35,541.592428
7/16/2016,177197.9048,38,6951590,1,289175,0,25,366.342428
7/17/2016,161099.4921,32,6951590,1,333668,0,18,249.75
7/18/2016,613438.8097,107,6951590,1,1131710,0,39,299.5
7/19/2016,696546.0592,51,6951590,1,798546,0,27,6000
7/20/2016,1472008.868,79,6951660,1,1571990,0,40,487.5
7/21/2016,241224.1791,31,6951590,1,313139,0,23,3000
7/22/2016,779783.4031,118,6951590,1,1537170,0,66,49.99005086
7/23/2016,321721.0754,38,6951590,1,618298,0,26,1000
7/24/2016,518825.6126,66,6951590,1,1208880,0,25,999.5
7/25/2016,1230537.773,40,6951590,1,1425810,0,28,662.91
7/26/2016,957040.088,91,6951580,0.999999,1867980,0,38,1006.678367
7/27/2016,577734.5931,89,6951590,1,928283,0,37,658.21
7/28/2016,961048.5687,55,6951590,1,1369300,0,39,530.6314498
7/29/2016,344053.1936,38,6951590,1,351932,0,29,700
7/30/2016,48588.43394,15,6952150,1,158622,0,14,44.5
7/31/2016,230427.1887,49,6951660,1,893038,0,32,700
8/1/2016,910421.8474,113,6951330,0.999962,1944300,0,40,1099.9582
8/2/2016,941789.4032,111,6951580,0.999999,7399410,0,62,997.1538482
8/3/2016,198836.7501,75,6951560,0.999995,4139570,0,49,748.5705969
8/4/2016,20744.17838,22,6951560,0.999996,2005600,0,22,55.71977712
8/5/2016,25407.76242,28,6951560,0.999996,623230,0,23,329.99868
8/6/2016,50007.35375,11,6950420,0.999831,879406,0,10,215.7271375
8/7/2016,9759.799909,37,6948510,0.999557,1205650,0,24,78.14734534
8/8/2016,33926.86073,23,6948510,0.999557,613117,0,23,89.96013
8/9/2016,137890.4422,23,6948510,0.999557,1735260,0,19,401.8319096
8/10/2016,92099.3111,28,6948510,0.999557,1457520,0,25,419.2242012
8/11/2016,20892.14088,24,6766850,0.973424,1162530,0,19,132.230102
8/12/2016,10738.55863,24,6690020,0.962372,912390,0,24,29.93585433
8/13/2016,245852.5951,41,6687830,0.962058,593801,0,24,191.930571
8/14/2016,254162.0696,49,6951580,0.999999,1274390,0,22,1999.998
8/15/2016,898115.4088,42,6951580,0.999999,1680290,0,34,1475.748524
8/16/2016,1913437.956,82,6951580,0.999999,2197340,0,60,352.9434999
8/17/2016,2026805.693,89,6951590,1,2394770,0,43,626.1460423
8/18/2016,406102.1041,45,6951590,1,849307,0,33,500
8/19/2016,804660.0336,54,6951590,1,1258110,0,34,644.5
8/20/2016,267162.5672,48,6951590,1,603297,0,33,762.3203511
8/21/2016,202482.281,35,6951590,1,281378,0,26,591.9950075
8/22/2016,143971.2079,43,6951590,1,1041420,0,33,350.5634535
8/23/2016,815089.4725,49,6951590,1,1240630,0,39,999.495482
8/24/2016,280311.1048,34,6951590,1,546685,0,30,509.9817494
8/25/2016,580307.1745,53,6951590,1,965926,0,45,995.0705346
8/26/2016,386643.6752,42,6951590,1,731230,0,30,1068.287081
8/27/2016,13952.45634,12,6951590,1,555019,0,15,251.3769522
8/28/2016,33582.88635,15,6951590,1,1215110,0,15,284.5
8/29/2016,192047.1612,34,6951590,1,1591130,0,26,980.4404077
8/30/2016,401356.2654,65,6951590,1,1062640,0,48,500
8/31/2016,120662.1046,20,6951590,1,908476,0,19,1960.070303
9/1/2016,150354.6972,42,6951590,1,838378,0,19,975
9/2/2016,507450.4909,39,6951590,1,1472930,0,26,570.0500045
9/3/2016,358873.0425,40,6951590,1,2641030,0,17,719.875
9/4/2016,446081.5211,62,6951590,1,1248710,0,33,417.2751974
9/5/2016,469130.5391,45,6951590,1,1536980,0,20,6678.73
9/6/2016,630700.8669,48,6951590,1,1149260,0,31,3690
9/7/2016,877518.492,64,6951590,1,1727020,0,31,3579.41
9/8/2016,328061.1969,50,6951590,1,960491,0,26,3509.72
9/9/2016,177494.6618,19,6951590,1,592391,0,18,116.01
9/10/2016,86620.0549,15,6951590,1,301128,0,14,116.29
9/11/2016,322707.7527,33,6951590,1,968191,0,17,3000.89
9/12/2016,416847.3439,34,6951590,1,982954,0,27,621.5
9/13/2016,834909.7138,50,6956460,1,1503640,0,32,5609.5
9/14/2016,846881.2886,38,6951660,1,845294,0,28,5220.315
9/15/2016,116779.0215,32,6951590,1,774746,0,26,49.9
9/16/2016,253301.1266,64,6951540,0.999993,719125,0,44,72.16949481
9/17/2016,42069.40318,47,6951580,0.999999,243461,0,38,30.04996995
9/18/2016,175155.8268,21,6951580,0.999999,579543,0,16,74.50992549
9/19/2016,110305.3012,29,6951060,0.999923,518342,0,30,268.5769033
9/20/2016,3822360.585,70,6951580,0.999999,1590290,0,46,7999.992
9/21/2016,448903.4204,38,6951580,0.999999,1023360,0,22,6281.343719
9/22/2016,301588.051,34,6951510,0.999989,748610,0,24,5060.663009
9/23/2016,122506.9483,25,6951580,0.999999,907263,0,22,999.999
9/24/2016,166972.2358,23,6951580,0.999999,273642,0,14,2624.497376
9/25/2016,126531.5624,28,6951580,0.999999,204381,0,16,1749.99825
9/26/2016,155046.3844,30,6951590,1,479180,0,27,513.8931026
9/27/2016,110205.1755,20,6951590,1,370561,0,22,170.3500794
9/28/2016,28548.12052,41,6951590,1,243485,0,43,9.48
9/29/2016,141112.3313,35,6951590,1,289768,0,33,1581.24
9/30/2016,725525.742,39,6951590,1,402548,0,25,3327.54
10/1/2016,124053.7963,34,6951590,1,365091,0,21,2069
10/2/2016,61088.29926,18,6951590,1,263174,0,13,1499
10/3/2016,135432.2915,37,6951580,0.999998,335206,0,30,489.99902
10/4/2016,339061.3249,43,6951580,0.999998,462509,0,30,499.499001
10/5/2016,246077.698,24,6951590,1,753062,0,19,5890.06
10/6/2016,34413.1733,26,6951590,1,406883,0,20,52.49679995
10/7/2016,240286.2199,33,6951590,1,501840,0,30,73.00365883
10/8/2016,169984.5778,24,6951590,1,369612,0,19,616.32
10/9/2016,8773.316934,13,6951590,1,254639,0,15,615.82
10/10/2016,249127.1493,29,6951590,1,346058,0,26,500
10/11/2016,617247.3767,81,6951590,1,1153880,0,40,641
10/12/2016,149886.5426,43,6951590,1,485002,0,28,937.5
10/13/2016,281590.7037,36,6951590,1,359664,0,28,600
10/14/2016,121328.1935,58,6951590,1,233907,0,30,519.449072
10/15/2016,221768.4767,21,6951580,0.999999,278547,0,13,2479.99752
10/16/2016,89077.15771,23,6951590,1,292196,0,19,500
10/17/2016,845856.541,86,6951590,1,1045550,0,34,1969.485
10/18/2016,132530.7606,31,6951590,1,321977,0,19,600
10/19/2016,91700.85335,24,6951590,1,410009,0,16,1565.222155
10/20/2016,68548.08764,40,6951590,1,205344,0,36,158.95
10/21/2016,156126.1325,40,6951590,1,185916,0,23,2031.645
10/22/2016,641644.9797,64,6951590,1,794533,0,24,3238.45
10/23/2016,419311.2905,44,6951590,1,633006,0,22,1891.54
10/24/2016,278984.0608,31,6951590,1,274414,0,23,1041.64
10/25/2016,325607.1102,45,6951590,1,552686,0,29,3342.14
10/26/2016,553422.4508,58,6951590,1,762026,0,22,5181
10/27/2016,220142.7942,49,6951590,1,747629,0,27,2290.55
10/28/2016,363180.5213,53,6951590,1,874147,0,31,4940.1
10/29/2016,969977.2004,92,6951590,1,2077010,0,42,3783.72
10/30/2016,912147.8314,48,6951590,1,1550060,0,22,4796.885
10/31/2016,315775.7531,54,6951590,1,1022220,0,36,710
11/1/2016,1187979.868,75,6951590,1,2244990,0,42,1000
11/2/2016,1135436.373,58,6951590,1,1449000,0,36,7238.7535
11/3/2016,1230893.645,72,6951590,1,2399930,0,46,1081.4
11/4/2016,1104249.171,48,6951590,1,1256100,0,32,1499.635
11/5/2016,88058.60141,21,6951590,1,417538,0,17,140
11/6/2016,402210.9534,37,6951590,1,931269,0,29,2.9
11/7/2016,250753.4557,37,6951590,1,589834,0,34,337.07
11/8/2016,408148.3387,43,6951590,1,768255,0,26,979
11/9/2016,909724.648,107,6951590,1,1916180,0,54,1480.219295
11/10/2016,164397.9079,21,6951590,1,481368,0,22,1500
11/11/2016,241832.0859,31,6951570,0.999997,661204,0,24,52.4998425
11/12/2016,298418.4513,52,6951590,1,670202,0,29,1032.82
11/13/2016,267095.0767,40,6951590,1,898023,0,26,2599.75
11/14/2016,185531.8728,42,6951590,1,389749,0,38,280.5
11/15/2016,1895003.319,34,6951590,1,2252560,0,33,29.58687975
11/16/2016,595930.8849,39,6951590,1,1524490,0,27,500
11/17/2016,641939.2006,75,6951590,1,987757,0,40,1100
11/18/2016,189554.5095,38,6951590,1,566442,0,29,164.75
11/19/2016,198675.8384,27,6951590,1,444691,0,15,99.5
11/20/2016,650636.551,29,6951590,1,1149160,0,12,8862.66
11/21/2016,2342264.794,37,6951590,1,2210850,0,23,9999.5
11/22/2016,438765.7754,19,6951590,1,996653,0,19,111
11/23/2016,111998.3633,37,6951590,1,533171,0,29,76.42504391
11/24/2016,562604.0861,36,6951590,1,1157470,0,27,1138.22
11/25/2016,188559.7858,64,6951590,1,447527,0,38,459.6493943
11/26/2016,189049.7635,53,6951590,1,398097,0,30,1282.751841
11/27/2016,195437.5176,25,6951590,1,369032,0,19,3785.63
11/28/2016,1209263.51,66,6951590,1,293938,0,48,372.17
11/29/2016,281944.8837,43,6951590,1,602186,0,36,242.24
11/30/2016,227075.8939,51,6951590,1,517118,0,32,729.77752
12/1/2016,673208.7125,46,6951590,1,916660,0,30,2100.870559
12/2/2016,576634.1509,61,6951590,1,1548020,0,44,334.90385
12/3/2016,498971.3365,52,6951590,1,566210,0,41,49.45268775
12/4/2016,190200.488,39,6951730,1,338054,0,30,355.5975927
12/5/2016,698088.5364,56,6952770,1,1166450,0,29,4466.835
12/6/2016,1135514.516,65,6951730,1,2074660,0,34,7786.45
12/7/2016,333553.7409,54,6951590,1,677377,0,31,1386.56
12/8/2016,153883.9005,48,6951590,1,424174,0,35,500
12/9/2016,76303.03242,37,6951590,1,257304,0,31,33.29462683
12/10/2016,114381.2311,36,6951590,1,289281,0,27,89.80119494
12/11/2016,38142.90813,33,6951590,1,419496,0,29,97.72729023
12/12/2016,746829.1366,64,6951590,1,735546,0,34,4472.178421
12/13/2016,1016603.201,54,6951590,1,923361,0,32,4720.21
12/14/2016,653457.2269,38,6951590,1,585908,0,27,760.2222551
12/15/2016,322969.5119,57,6951590,1,388753,0,35,3250
12/16/2016,70805.39524,33,6951590,1,207220,0,24,150
12/17/2016,262478.9758,37,6951800,1,372542,0,26,306.1840478
12/18/2016,304736.1967,40,6951800,1,430745,0,32,57.84303092
12/19/2016,264915.641,48,6951660,1,403551,0,33,498.93
12/20/2016,71563.67666,54,6951590,1,412630,0,41,209.5
12/21/2016,307184.5771,75,6951590,1,821307,0,59,823.0486543
12/22/2016,673909.0742,110,6951590,1,1247890,0,54,782.75
12/23/2016,1380285.012,163,6951590,1,2873180,0,60,975
12/24/2016,850356.0362,73,6952770,1,1808220,0,45,296.457898
12/25/2016,558647.6569,82,6951660,1,1911330,0,35,1232.25
12/26/2016,1633088.128,103,6951660,1,1279530,0,47,920
12/27/2016,1058557.837,117,6951660,1,2108650,0,54,1350
12/28/2016,1362666.841,169,6951660,1,2943940,0,70,1124
12/29/2016,1937348.656,159,6951870,1,2794880,0,69,1308.74
12/30/2016,1300972.551,150,6951730,1,2515800,3000000,74,790.22
12/31/2016,1319673.612,81,9951790,1,775440,0,42,454.08
1/1/2017,625441.323,66,9951690,1,1946000,0,28,1874.605
1/2/2017,1106414.31,154,9951690,1,3107780,0,72,1900
1/3/2017,2147113.6,233,9951690,1,3267910,0,96,1019.3572
1/4/2017,5328914.163,259,9951690,1,7463910,0,101,975
1/5/2017,3459536.859,177,9951690,1,13406600,5000000,81,2165.22
1/6/2017,2994990.159,219,14951700,1,7969720,0,118,892.8312795
1/7/2017,2032693.897,196,14951700,1,5932450,0,133,43.94
1/8/2017,1025979.482,233,14951700,1,3800480,0,132,10.27827467
1/9/2017,956620.4137,73,14951700,1,2717290,0,58,314.5
1/10/2017,869692.9423,113,14951700,1,1379840,0,90,129.8115725
1/11/2017,3580703.689,145,14951700,1,9628470,0,57,10000
1/12/2017,2759969.353,149,14951700,1,5552980,0,72,1991.32
1/13/2017,893986.4226,130,14951700,1,2739310,0,61,198.5689926
1/14/2017,579035.1673,122,14951700,1,1533240,0,46,761.77
1/15/2017,3509542,83,14952000,1,1334200,0,31,1000
1/16/2017,801849.9389,53,14951900,1,1223000,0,33,5634.41
1/17/2017,1680850.694,207,14951700,1,4345620,0,88,571
1/18/2017,1318033.873,124,14951700,1,3458060,0,69,1328
1/19/2017,1566006.358,135,14951700,1,2241690,0,67,5000
1/20/2017,2466027.24,87,14951700,1,2085240,0,49,2351.94
1/21/2017,1181870.844,130,14951700,1,2455610,0,65,500
1/22/2017,1076128.883,97,14951700,1,2629330,0,48,578.23
1/23/2017,1740926.727,100,14951700,1,2533860,0,55,2152.820211
1/24/2017,1213995.536,99,14951700,1,3160230,0,39,9980
1/25/2017,898603.0099,78,14951700,1,1565260,0,52,500
1/26/2017,1042282.76,126,14951700,1,1814250,0,73,777.095
1/27/2017,660623.0752,99,14951700,1,1360880,0,52,931.3
1/28/2017,1684816.189,78,14951700,1,1560910,0,43,289.4172648
1/29/2017,1346304.677,95,14951700,1,745036,0,60,432
1/30/2017,278628.0352,79,14951700,1,681519,0,47,157.35
1/31/2017,2218215.147,104,14956400,1,2762940,10000000,58,813.6412608
2/1/2017,2140046.775,116,24951500,0.999997,3435630,0,71,467.0663342
2/2/2017,1923022.075,111,24951600,0.999999,3494060,0,61,1299.9987
2/3/2017,1481366.665,110,24951400,0.999994,2994180,0,61,549.333402
2/4/2017,2329358.93,116,24951500,0.999998,2837660,0,61,488.0372689
2/5/2017,862575.8284,113,24951600,0.999999,2141090,0,58,287.4297126
2/6/2017,696338.5079,104,24951600,0.999999,1129720,0,56,760.2592397
2/7/2017,1165969.003,106,24951500,0.999998,2216310,0,50,1870.891295
2/8/2017,938845.1038,132,24951000,0.999999,3003910,0,68,648.8534014
2/9/2017,2045423.155,203,24951000,0.999999,8872190,0,91,999.999
2/10/2017,864427.6993,119,24951000,0.999999,3640970,0,56,401.4995985
2/11/2017,651985.8454,61,24951000,0.999999,1685670,0,42,519.99948
2/12/2017,507765.9766,65,24951000,0.999999,1105600,0,41,100.025108
2/13/2017,368160.6166,50,24951000,0.999999,1347810,0,33,499.9995
2/14/2017,696192.8042,62,24951000,1,2438910,0,41,4455
2/15/2017,597543.8786,52,24951000,1,1654380,0,31,5000
2/16/2017,346039.1756,63,24995700,1,1565660,0,46,150
2/17/2017,1208464.31,113,24952200,1,2135320,0,60,460.7500039
2/18/2017,1348764.787,77,24951500,1,1404980,0,43,200.3052577
2/19/2017,239359.9129,67,24951200,1,1071870,0,37,345.63
2/20/2017,551859.2559,77,24948400,0.999897,2550470,0,58,715.7062747
2/21/2017,3498700.946,159,24950900,0.999997,4595170,0,81,999.997
2/22/2017,657055.1361,99,24945300,0.999771,1763290,0,71,254.3251976
2/23/2017,1400322.582,141,24950300,0.999971,3150010,0,110,464.4065318
2/24/2017,3642532.004,182,24950900,0.999997,10607500,0,87,4999.985
2/25/2017,548588.8908,100,24950900,0.999998,3747980,0,71,114.499771
2/26/2017,755796.0198,42,24952000,1,2280940,0,35,817.69201
2/27/2017,277114.8324,60,24951200,1,3063750,0,46,381.9713776
2/28/2017,2894897.903,78,24952700,1,5557310,0,48,5000
3/1/2017,8678620.608,176,24950300,0.999972,11999700,0,92,2745.833115
3/2/2017,4439313.727,283,24951000,0.999999,14420000,0,140,1367.498633
3/3/2017,6008168.221,226,24951000,1,12268600,0,116,1999.5
3/4/2017,1738203.578,129,24951000,1,6427490,0,66,1114
3/5/2017,4076927.85,145,24951200,1,6111390,0,83,364.7479422
3/6/2017,1206689.954,120,24951200,1,4261790,0,73,1000
3/7/2017,6367626.276,250,24951900,1,10782500,10000000,73,8000
3/8/2017,17602912.41,267,34951100,1,11995300,0,124,1000
3/9/2017,3220231.666,184,34950700,1,9560830,0,87,1897.900043
3/10/2017,3691150.523,298,34947100,0.999905,26308800,0,114,165.4394091
3/11/2017,3266947.362,228,34950100,0.999991,15269400,0,101,65.999406
3/12/2017,2810392.034,167,34951800,1,13039200,0,84,780.1871984
3/13/2017,5883873.549,391,34953200,1,25101200,0,152,662
3/14/2017,6714651.886,477,34951800,1,13773800,0,164,0.73519427
3/15/2017,8039556.794,418,34951100,1,20476500,0,134,299.5
3/16/2017,10886952.1,578,34950700,1,39496700,0,180,199.5
3/17/2017,21182108.57,595,34951400,1,46381300,10000000,179,2154.318247
3/18/2017,11935850.6,461,44952200,1,49039900,0,157,2000
3/19/2017,8516922.193,335,44952200,1,33106500,0,126,1041.897639
3/20/2017,2446161.654,307,44953100,1,16075100,0,150,249.5
3/21/2017,5339943.775,367,44959900,1,21556400,0,150,981.2147007
3/22/2017,4845776.515,345,44952200,1,22713300,0,147,339.9
3/23/2017,3289983.987,258,44952700,1,12763900,0,154,201.7027678
3/24/2017,6338674.006,372,44954000,1,33351200,0,181,1120.211523
3/25/2017,5994569.108,377,44946300,0.999898,28141600,0,167,978.6543332
3/26/2017,5562594.605,326,44947000,0.999915,16614300,0,160,858.6383831
3/27/2017,4198127.665,271,44951300,1,19270700,0,135,728.25
3/28/2017,2625979.129,330,44951300,1,15602800,0,177,500.5
3/29/2017,5717460.1,329,44951300,1,16816300,10000000,146,686.3126337
3/30/2017,28076230.4,412,54948000,0.999948,25009900,0,197,624.4046222
3/31/2017,10297680.59,393,54950000,0.999985,34115800,0,196,599.4910075
4/1/2017,3105696.954,315,54952000,1,15118800,0,154,538.72
4/2/2017,8867676.361,437,54927900,0.999582,45911500,0,191,1247.938144
4/3/2017,8989699.69,473,55003100,1,42028500,0,207,1000
4/4/2017,5884069.897,398,54938300,0.999771,26434800,0,186,999.2711145
4/5/2017,11382935.17,400,54952500,1,26734200,0,247,1000
4/6/2017,5337083.461,510,54957500,1,33731600,0,229,700
4/7/2017,9422049.303,515,54947400,0.999937,21336300,0,248,1098.930763
4/8/2017,3085124.645,257,54943900,0.999874,14282200,0,129,778.7347742
4/9/2017,12994571.99,271,54935200,0.999714,18951900,0,147,999.714
4/10/2017,4590972.543,379,54948700,0.99996,12279500,0,197,531.8012259
4/11/2017,5174990.613,380,54947200,0.999934,12213800,0,194,896.0408574
4/12/2017,7090511.942,406,54942200,0.999842,20964000,0,194,730.16011
4/13/2017,8092487.486,490,50721300,0.999558,24018200,0,266,650.4014241
4/14/2017,4681966.741,404,50724400,0.999618,14768200,0,209,434.757859
4/15/2017,6700510.002,390,50694600,0.999031,14030700,0,224,333.4885656
4/16/2017,2042297.533,278,50740700,0.999939,7208670,0,162,189.98841
4/17/2017,8544711.312,563,50715100,0.999435,17280800,0,290,349.3025325
4/18/2017,12789728,924,50707900,0.999294,26367700,10000000,474,452.0134823
4/19/2017,8145594.632,675,60720500,0.999617,18244800,0,362,399.3469915
4/20/2017,5383921.935,657,54798700,0.999525,20548000,0,358,445.2883875
4/21/2017,7564047.369,715,54688500,0.998269,15935100,0,416,317.449542
4/22/2017,5419066.551,613,53866300,0.984,14711900,0,337,196.308
4/23/2017,5302840.198,621,51488800,0.940741,17298600,0,337,363.9726929
4/24/2017,4778127.563,534,50423200,0.921308,15265400,0,286,228.7874674
4/25/2017,15133696.67,539,50230200,0.917876,12707000,0,306,374.4479796
4/26/2017,7899370.478,600,59154900,0.913539,18772400,0,342,238.9062677
4/27/2017,9029687.042,581,57277700,0.921049,24062800,0,346,248.68323
4/28/2017,10922495.62,538,57450300,0.924343,26494600,0,301,403.5731742
4/29/2017,6279077.336,448,58065900,0.934557,26533600,0,260,372.888243
4/30/2017,5077408.724,374,59055700,0.937189,23739900,0,184,499.0174841
5/1/2017,8577705.72,498,59034000,0.936855,44582500,0,239,956.9769005
5/2/2017,3001330.655,485,58977000,0.935857,22268100,0,267,339.3457068
5/3/2017,5041010.901,575,58811700,0.932612,33500300,0,272,240.0329203
5/4/2017,13016980.51,861,57343000,0.933356,56022400,0,420,447.7962081
5/5/2017,15967144.67,840,59031900,0.945975,69583296,0,343,640.8539968
5/6/2017,11869610.1,549,59636700,0.955667,44047300,0,276,569.0596563
5/7/2017,8313594.314,672,60446200,0.968638,72995504,0,384,484.319
5/8/2017,7085905.725,621,60466400,0.968962,85211504,0,326,356.9337937
5/9/2017,25307307.14,553,60360500,0.967255,62186400,0,289,482.660245
5/10/2017,9007520.957,563,60558100,0.970483,45884200,0,284,430.894452
5/11/2017,8462908.059,486,61137000,0.97982,46800700,0,233,1207.704831
5/12/2017,12211247.89,616,60842400,0.975099,42850000,0,319,587.8602497
5/13/2017,5358207.475,528,61232700,0.981353,28873700,0,271,574.7784521
5/14/2017,5698705.402,339,60697400,0.972775,23922200,0,182,898.8441
5/15/2017,8456139.042,528,61184200,0.980577,37380700,0,248,946.6857226
5/16/2017,2961567.38,228,60565400,0.970698,53097800,0,112,702.785352
5/17/2017,3517043.086,341,59461300,0.952963,60057700,0,237,381.1852
5/18/2017,4999806.138,376,59972000,0.961148,44705600,0,250,720.1815645
5/19/2017,3978087.649,560,60352400,0.967244,53721400,0,367,483.622
5/20/2017,6282395.185,608,62321400,0.998833,42299800,0,361,998.3335835
5/21/2017,3095155.062,360,61940800,0.992749,46162600,0,259,496.3745
5/22/2017,11127334.18,343,62677500,1,79739904,0,210,1730
5/23/2017,14376965.17,647,63297800,1.01,59043000,0,370,705.99
5/24/2017,13282737.05,724,64798700,1.01,87804800,10000000,503,503.99
5/25/2017,38306248.92,776,69488600,1.02,144036000,10000000,362,1135.007173
5/26/2017,38027210.8,702,69907904,1.02,125946000,20000000,308,1677.728828
5/27/2017,48127141.24,1041,99512496,1.05,186683008,20000000,523,1050
5/28/2017,22442097.37,836,107331000,1.02,110026000,0,429,1018.98
5/29/2017,19392573.93,677,109529000,1.04,80508896,0,346,1040
5/30/2017,24868500.19,1099,107170000,1.02,108331000,0,455,1823.016025
5/31/2017,10316054.06,716,106342000,1.01,84739904,0,355,1194.325
6/1/2017,15271441.62,797,108739000,1.04,100614000,0,394,1037.92
6/2/2017,9129125.19,603,108350000,1.03,49197100,0,288,1052.829126
6/3/2017,9254857.012,591,107827000,1.03,43629000,0,307,1030
6/4/2017,9828051.377,619,107470000,1.02,49194800,0,340,1020
6/5/2017,10437466.34,666,106012000,1.01,49132500,0,365,1513.99
6/6/2017,64287524.31,1303,106682000,1.02,152408000,20000000,601,1538.493744
6/7/2017,58130272.39,783,105220000,1,97386096,0,406,1998
6/8/2017,19034448.08,722,106791000,1.02,65560000,0,427,1236.309623
6/9/2017,17645932.86,807,127906000,1,58031200,0,366,2000
6/10/2017,19382154.66,763,127386000,0.999158,80163296,0,334,1996.317684
6/11/2017,14192346.68,615,130666000,1.02,84910496,0,271,2037.96
6/12/2017,27491608.46,789,128293000,1.01,211119008,0,378,3529.95
6/13/2017,34735662.41,942,131201000,1.03,105293000,0,521,1786.715077
6/14/2017,34390523.48,756,128630000,1.01,139975008,0,370,2661.904546
6/15/2017,64168384.41,1023,131306000,1.03,243107008,0,398,3605
6/16/2017,27757231.08,968,129124000,1.01,109032000,20000000,493,2017.98
6/17/2017,18075328.37,552,130158000,1.02,104554000,0,289,2037.96
6/18/2017,12900534.45,568,126050000,0.988674,114519000,0,268,1975.370652
6/19/2017,25026433.99,930,127821000,1,75733696,0,547,1000
6/20/2017,10642351.55,909,125729000,0.986156,88767296,0,602,852.7382645
6/21/2017,33701396.28,724,141088992,0.975087,108254000,0,372,1422.499819
6/22/2017,26576224.27,982,141969856,0.981174,63105300,0,635,963.022281
6/23/2017,25797867.23,690,140714112,0.972496,41182300,0,335,1135.718618
6/24/2017,30534297.11,543,145581616,1.01,79286600,20000000,251,3024.95
6/25/2017,31581663.26,762,147510144,1.02,102005000,0,334,2037.96
6/26/2017,74504633.28,1183,146479872,1.01,195886000,30000000,442,2017.98
6/27/2017,77250968.11,1068,146155648,1.01,171804992,30000000,430,2019.2425
6/28/2017,31038479.22,779,146266672,1.01,128750000,0,374,2017.98
6/29/2017,18198414.39,630,146484464,1.01,101103000,0,313,1987.728209
6/30/2017,33532970.76,775,218616192,1.02,72550400,0,452,1244.4
7/1/2017,27975514.25,759,217215408,1.01,82133800,0,293,2017.98
7/2/2017,21746822.74,754,219180432,1.02,76519200,0,331,2034.9
7/3/2017,25190602.4,718,223016704,1.01,87514200,0,337,2017.98
7/4/2017,24844540.03,785,219892848,0.999601,87707904,0,361,1997.202798
7/5/2017,14949513.91,486,220125888,1,66727600,0,275,2354.9766
7/6/2017,16823738.14,991,219086608,0.995936,44331000,0,510,1488.92432
7/7/2017,23268511.23,714,220508816,1,84663200,0,318,1848.946059
7/8/2017,17015512.06,609,221836720,1.01,62607300,0,290,1314.01
7/9/2017,14667015.74,478,219893504,0.999601,45640800,0,217,1997.202798
7/10/2017,58482731.01,870,221114096,1.01,132682000,0,424,2017.98
7/11/2017,52695201.36,1102,239198384,1.02,173424000,30000000,495,2038.98
7/12/2017,61544873.63,805,260928816,1.01,131420000,0,461,1812.3844
7/13/2017,57867636.06,1011,268892256,0.999669,104236000,25000000,565,1627.320834
7/14/2017,18662421.46,727,289634624,1,93146704,0,434,1125.588402
7/15/2017,32377464.84,937,290061056,1,125229000,0,529,1236.220547
7/16/2017,28322342.89,973,295162368,1,177914000,0,498,1386.858
7/17/2017,29800290.28,908,291008736,0.988208,171476000,0,522,1331.858242
7/18/2017,42000627.18,1284,293035072,0.995021,238396000,25000000,741,998.006063
7/19/2017,27054244.57,966,309942048,1,199312000,0,527,1170.4269
7/20/2017,36591798.79,1130,306709536,0.99098,278993984,0,621,1293.761774
7/21/2017,44772124.62,1458,319065408,0.998636,168919008,0,815,1020.608209
7/22/2017,35431399,1362,319377280,0.999612,131558000,0,843,847.7017219
7/23/2017,26082095.19,524,317831296,0.994773,114229000,0,334,1119.964491
7/24/2017,20336526.36,722,319475360,0.999919,75766896,0,457,994.919405
7/25/2017,32432341.41,1089,317675040,0.994284,220992000,0,612,994.284
7/26/2017,18463064.6,963,319068416,0.998645,111957000,0,541,996.64771
7/27/2017,19715507.85,916,319130336,0.998839,79850000,0,481,1196.609122
7/28/2017,61925840.74,1200,318242336,0.99606,116290000,0,626,1350.593133
7/29/2017,25754377.24,1311,319422912,0.999755,73768304,0,785,988.2578175
7/30/2017,19207786.58,896,318471136,0.996776,60213000,0,443,1274.388016
7/31/2017,25729250.74,1385,319511648,1,75184896,0,741,1108
8/1/2017,20649860.97,865,320388192,1,170044992,0,483,998
8/2/2017,40500035.2,2184,318408704,0.996581,84592704,0,1118,498.2905
8/3/2017,18893315.59,2342,320322304,1,57242700,0,1147,582.1438
8/4/2017,14913202.25,1479,309421600,0.968452,59432500,0,780,966.515096
8/5/2017,30698084.36,1992,320940416,1,173138000,0,989,909.8758029
8/6/2017,24769157.33,1601,320093056,1,103532000,0,848,995
8/7/2017,39801133.23,1825,319331072,0.999468,110170000,0,955,703.2556688
8/8/2017,23694561.99,2080,317654592,0.99422,130482000,0,1249,607.6682208
8/9/2017,20765271.93,1371,319257024,0.999236,140568992,0,755,994.23982
8/10/2017,15747723.05,1429,319117600,0.998799,91695000,0,799,890.928708
8/11/2017,49542362.55,2346,318426208,0.996635,111829000,0,1211,989.0116126
8/12/2017,25754868.6,1592,319784512,1,130896000,0,791,984.065869
8/13/2017,48087089.37,2022,319661280,1,198568992,0,1002,1000
8/14/2017,28312218.23,1925,318121664,0.995682,125445000,0,993,990.70359
8/15/2017,49543313.52,1927,319616608,1,213099008,0,897,1898
8/16/2017,27437211.29,1323,319170080,0.998963,121473000,0,699,998.963
8/17/2017,48578035.39,1844,319712160,1,166152000,0,962,1000
8/18/2017,35818962.09,1795,322034592,1.01,255272000,0,867,1515
8/19/2017,48159289.94,1356,322030368,1.01,281632992,0,726,1655.39
8/20/2017,25147646.39,1150,318596320,0.997167,133754000,0,631,689.8700456
8/21/2017,28047101.67,1568,319353664,0.999538,208830000,0,809,891.587896
8/22/2017,40721311.06,1593,319888224,1,241915008,0,850,1000
8/23/2017,27729187.04,1378,320871552,1,195159008,0,793,1000
8/24/2017,19277262.7,1137,319287936,0.999332,132330000,0,637,747.500336
8/25/2017,33453379.45,1422,321015424,1,116308000,0,819,998
8/26/2017,12666758.77,612,320776064,1,98081296,0,381,993.8
8/27/2017,18979496.37,1092,319542624,1,104722000,0,582,642.8810999
8/28/2017,19423837.41,828,320279232,1,130785000,0,488,998
8/29/2017,27658852.38,1542,320306528,1,132123000,0,822,998
8/30/2017,27893261.24,1575,320041376,1,114992000,0,897,978.8354576
8/31/2017,20165150.12,1498,319518400,1,109217000,0,800,700
9/1/2017,69590517.53,2047,320792480,1,199664000,0,991,1000
9/2/2017,88862155.07,2595,320965888,1,345971008,20000000,1209,1469.851732
9/3/2017,63972810.77,1520,348835808,1.01,188687008,25000000,788,1513.902766
9/4/2017,110428151.8,2944,364942624,1,375472992,0,1389,1623.5
9/5/2017,82425416.03,2852,379945248,1.03,271614016,25000000,1480,1184.5
9/6/2017,35137177.07,1915,387469120,1.01,192688992,0,985,1010
9/7/2017,57558005.75,2085,386679360,1,166452992,25000000,1059,996
9/8/2017,87898719.26,2414,394388160,1,319590016,0,1153,1246.921068
9/9/2017,52749019.21,2072,398820000,1.01,119580000,0,1164,959.5
9/10/2017,43527786.51,2017,405081600,1,163772992,0,1045,800
9/11/2017,40377007.74,1713,405354848,1,125845000,0,877,1000
9/12/2017,130977947.4,1921,404210368,1,162774000,0,1053,901.8500833
9/13/2017,76661299.83,2391,404357536,1,257404000,0,1170,1496
9/14/2017,69387972.66,2342,414813344,1,356495008,25000000,1165,1128.6265
9/15/2017,143985461,3440,420282688,1,540294976,0,1671,1239.53933
9/16/2017,53723108.04,2073,443607200,1,233444992,0,1076,1099
9/17/2017,23780306.1,1131,445726240,1.01,119083000,0,583,1010
9/18/2017,49870102.7,1691,443461248,1,214648000,0,855,1314
9/19/2017,43845243.73,1609,443240192,1,163298000,0,865,1000
9/20/2017,26912233.35,1592,444391968,1,137763008,0,937,1000
9/21/2017,52553138.13,1855,441350976,0.997446,231706000,0,880,1411.371444
9/22/2017,28167946.05,1326,444763104,1.01,164432000,0,713,1005.96
9/23/2017,19756691.57,827,442840448,1,118296000,0,466,1230
9/24/2017,13056900.22,847,443271712,1,91337904,0,495,750
9/25/2017,28879784.46,1372,443878912,1,160336992,0,783,863
9/26/2017,40241820.89,1395,442851040,1,103839000,0,849,900
9/27/2017,40031588.91,2228,427608960,1,201224000,0,1293,998
9/28/2017,45172075.03,2243,427100352,1,232499008,0,1218,955
9/29/2017,48419973.84,1714,426359936,0.998357,205406000,0,917,1518.806047
9/30/2017,19408169.68,1365,437243808,1,117411000,0,778,1000
10/1/2017,23034694.73,1050,435866656,0.997266,103007000,0,610,997.266
10/2/2017,31449266.65,1566,436225792,0.998088,126009000,0,858,993.09756
10/3/2017,24464380.62,1438,437885344,1,137567008,0,770,1020.873965
10/4/2017,28766448.25,1257,437896448,1,114903000,0,667,1275
10/5/2017,32977025.03,1590,437179488,1,119952000,0,973,1000
10/6/2017,26500684.97,1559,437245376,1,92153696,0,1044,1333
10/7/2017,20574766.7,982,436881568,0.999588,89544096,0,617,598.2293374
10/8/2017,16763802.14,1106,436235360,0.99811,123005000,0,624,848.7276695
10/9/2017,40507327.67,1464,436579296,0.998897,178567008,0,812,990.905824
10/10/2017,23403209.64,1436,437229504,1,137687008,0,812,902
10/11/2017,12873742.87,1228,436170688,0.997962,85384600,0,708,798.3696
10/12/2017,33133201.86,1542,436993056,0.999843,216202000,0,798,997.843314
10/13/2017,38275894.77,1896,437101024,1,319484992,0,970,942.6031252
10/14/2017,32243290.17,1530,437279296,1,139468000,0,919,650
10/15/2017,24783653.65,1304,437236576,1,209190000,0,680,1000
10/16/2017,44151360.43,1627,436187424,0.998,204158000,0,925,658.68
10/17/2017,45063986.75,2278,436297696,0.998252,216808000,0,1265,1176.849669
10/18/2017,28912119.9,1825,436600992,0.998946,253904000,0,973,998.946
10/19/2017,34505080.07,1579,438120224,1,150674000,0,826,1200
10/20/2017,58210691.69,1832,437495936,1,185163008,0,1006,1126.75
10/21/2017,30173874.78,1330,437391264,1,171818000,0,754,1180
10/22/2017,45108191.6,1156,437025984,0.99992,166215008,0,596,998.92008
10/23/2017,56047106.17,2021,437656160,1,203487008,0,1000,1210
10/24/2017,56274629.21,2655,434706016,0.994611,257372000,0,1422,994.611
10/25/2017,37275064.45,1856,438041504,1,171432992,0,993,1000
10/26/2017,26828432.23,1652,438063104,1,162258000,0,915,1000
10/27/2017,27940497.32,1370,437024768,0.999916,144634000,0,802,999.916
10/28/2017,30793042.01,1106,436990944,0.999838,120414000,25000000,679,994.83881
10/29/2017,83697105.29,1969,438159648,1,618257024,0,1134,1078
10/30/2017,30288148.06,1770,452540480,1,169424992,0,993,1000
10/31/2017,30927012.99,1781,451305344,0.998327,184182000,0,1052,998.327
11/1/2017,50655049.56,2345,452561280,1,246324000,0,1306,1300
11/2/2017,72088881.17,3317,451995072,0.999853,425129984,0,1540,1944.714085
11/3/2017,93853104.68,2265,451638208,0.999063,358886016,25048400,1268,1524.570294
11/4/2017,82656442.14,2497,489255200,1,285312000,0,1376,1047.5
11/5/2017,19434121.76,2122,494443680,1,234616000,0,1335,935.2806969
11/6/2017,41444396.38,2185,495238080,1,308963008,0,1305,922.16
11/7/2017,56811907.4,3079,494003232,0.999882,255132992,20000000,2002,780.907842
11/8/2017,79489097.75,3206,516369760,1,526848992,20000000,1928,995
11/9/2017,73910838.72,3748,499434112,1.01,358188000,0,2278,1010
11/10/2017,143432561.6,3225,537533952,1.01,756446016,30000000,1673,1156.193384
11/11/2017,75012940.41,1548,567436416,1.01,746227968,30000000,987,1115.677667
11/12/2017,17312779.97,1088,597637632,1.01,1466060032,0,830,1531.518367
11/13/2017,102716949.7,3534,596721856,1,767884032,0,2390,980.9707889
11/14/2017,49843519.72,2608,597132032,1.01,429857984,0,1678,909
11/15/2017,54892935.72,2575,596737536,1,449671008,0,1651,1000
11/16/2017,123092988.1,4266,597473152,1.01,650278976,20000000,2545,969.6
11/17/2017,85175457.3,3214,611413376,0.995758,639398016,60000000,1953,1121.872806
11/18/2017,63255379.13,2847,644434624,1,588136000,0,1708,1300
11/19/2017,120294043.1,3049,645544960,1,485752992,0,1880,1000
11/20/2017,50600923.58,3399,675897280,1,449595008,0,1986,1015
11/21/2017,93165090.94,2601,677308224,1,622649024,0,1638,1310.41
11/22/2017,49049510.79,1457,673230464,0.997427,499812000,0,774,1246.78375
11/23/2017,56036579.66,1709,674061184,0.998658,735883008,0,933,1075.554666
11/24/2017,100305476.2,3335,677757824,1,848627968,0,1764,1500
11/25/2017,51287854.46,3186,676530368,1,651987968,0,1932,1227.65205
11/26/2017,68099500.16,3031,677815040,1,636451968,20001000,1801,1395.1209
11/27/2017,130722519.5,3837,679525056,1.01,784436992,30000000,2207,1242.3
11/28/2017,128761818.9,4972,676908032,1,794764032,45000000,2956,1404.298653
11/29/2017,178431328.5,4867,675057728,1,1672120064,24999000,2634,1681.75
11/30/2017,198601875.4,5207,741867712,1,1043969984,0,2904,2102
12/1/2017,83909111.85,3584,769515648,1.01,749395968,25000000,2038,1491.77
12/2/2017,189342262.1,4965,770857920,1.01,679950016,25000000,3283,1467.253159
12/3/2017,159480589.7,4218,814847488,1,946748992,0,2652,995
12/4/2017,84258449.88,4158,816012096,1,668510016,0,2452,1049.83
12/5/2017,108637518.5,4573,816872000,1,814145984,0,2724,1111.78049
12/6/2017,170323886.5,5275,813821696,0.99976,1281490048,0,3128,1197.71248
12/7/2017,136491797.6,5971,819774912,1.01,1671609984,0,3691,2104.97736
12/8/2017,108643172.9,3610,843586880,1.04,1993030016,0,2400,1678.677312
12/9/2017,170199435.9,4283,830770624,1.02,1598909952,0,2582,1100.58
12/10/2017,160807940.7,3932,831977600,1.02,1649500032,0,2426,1271.478915
12/11/2017,133343090.5,4638,824372928,1.01,1542119936,25000000,2862,1400.549275
12/12/2017,81526228.55,6655,854806080,1.02,2240839936,0,3782,1215.84
12/13/2017,278880325.6,5945,906934528,1.08,2198139904,50000000,3721,1290.112064
12/14/2017,390390003.4,6895,912768000,1.03,2336179968,130000000,3919,1151.575741
12/15/2017,224522074.1,7299,1029020224,1.01,2044499968,0,4396,1433.19
12/16/2017,256590011.8,7208,1036707968,1.02,1592729984,100000000,4470,1418.230083
12/17/2017,220896592.4,9135,1132154368,1.01,1931020032,0,5571,1509.95
12/18/2017,173350145,8631,1130792576,1.01,2517230080,0,5489,1499.85
12/19/2017,283939892.5,8496,1133706240,1.01,3073860096,50000000,5420,2209.88
12/20/2017,146611994.1,7300,1178882432,1.01,3751790080,50000000,4645,2014.95
12/21/2017,242575286,5698,1171755648,1,3106720000,0,3779,1500.323812
12/22/2017,251280933.4,11051,1225820544,1.01,4687949824,0,6389,2165.966513
12/23/2017,277750388.6,8767,1233177344,1.01,2353740032,0,5295,1994.75
12/24/2017,279406763.2,5952,1279864320,1.05,2611589888,0,3185,4021.875743
12/25/2017,151870608.2,5300,1250340992,1.03,1708380032,0,3187,2044.55
12/26/2017,262451970.3,6823,1230872192,1.01,1854780032,0,4529,1994.75
12/27/2017,228820753.6,6212,1223800832,1,1939949952,0,4156,1800
12/28/2017,273010602.3,6167,1222126080,1,2211409920,50000000,3870,2600
12/29/2017,333344558.7,5976,1281974912,1.01,1929090048,100000000,3860,2020
12/30/2017,290289056.9,6820,1378644736,1.01,2711059968,0,3951,2187.368161
12/31/2017,112036824.7,3812,1401350912,1.02,1927010048,0,2390,2014.5
1/1/2018,129564452.3,4507,1385264256,1.01,1685299968,0,3253,5571.16
1/2/2018,263433457.5,6998,1375936512,1.01,2635859968,0,4478,2584.7011
1/3/2018,341173774.2,7921,1377124352,1.01,2471689984,0,5013,2040.945128
1/4/2018,498918127.5,11848,1386144640,1.01,3200130048,100000000,7885,4757.4535
1/5/2018,257743618.8,8008,1470664960,1,3096620032,0,5339,1994.375
1/6/2018,175801134.9,7615,1468496000,1,2620080128,0,5350,2500
1/7/2018,152327337,6778,1478767744,1.01,2338180096,0,4816,1994.75
1/8/2018,350021047.6,8014,1475635584,1.01,3815749888,0,5157,2550.563384
1/9/2018,270496990.8,7888,1480690432,1.01,2766180096,0,5220,2931.23715
1/10/2018,313432059.3,7363,1475647488,1.01,3189860096,0,4607,3000.811
1/11/2018,338281578.9,7090,1468054272,0.999976,3841110016,0,4312,3221.084852
1/12/2018,338487170.4,7344,1477266304,1.01,2668219904,0,4546,4588.371533
1/13/2018,184991442.4,6957,1474155136,1,2759879936,0,4272,3420.756552
1/14/2018,289377395.8,6115,1474488576,1,2960410112,50000000,3626,4416
1/15/2018,509469087.1,8123,1490686976,1.02,2557179904,100000000,4927,6839.681653
1/16/2018,569436476,10409,1478028416,1.01,5552929792,100000000,6194,5226.75
1/17/2018,632516600.9,11005,1671282432,1.03,5588839936,100000000,5915,5347.416598
1/18/2018,820469610,10705,1646024832,1.02,4302300160,100000000,5588,7557.106134
1/19/2018,464389542.8,7545,1655831936,1.02,2876989952,100000000,4531,5100
1/20/2018,294412085,6740,1629409280,1.01,2942779904,100000000,4201,5030.872485
1/21/2018,523153952.3,7111,1622821120,1,3302010112,0,4399,5792
1/22/2018,268484360.2,7543,1624570880,1,3274899968,0,4549,5307
1/23/2018,487824354.4,7911,1624555392,1,3126830080,100000000,4824,5144.514686
1/24/2018,315052833.3,8065,1619451264,1,2620630016,0,4934,5875.4
1/25/2018,302976146.8,8548,1627038336,1.01,2571930112,0,5059,5608.126
1/26/2018,377742901.7,8065,1614160768,0.997571,2957009920,0,4793,7731.17525
1/27/2018,213205719.5,5366,1622632448,1,2051980032,0,3180,9238.412
1/28/2018,441041738.6,7457,1612504576,0.996548,2546639872,0,4227,6194.741678
1/29/2018,319968982.1,7024,2251756544,0.98844,2031160064,0,4253,9167.781
1/30/2018,717658520.2,7179,2275066368,0.998672,3108630016,0,4237,6746.216857
1/31/2018,502541362.3,6462,2230371840,0.992538,2663930112,-30000000,4332,3970.152
2/1/2018,381475718.1,7725,2198423808,0.991558,3498899968,0,4973,4078.278054
2/2/2018,418455070.5,7392,2186753536,0.986294,4785869824,0,4382,4153.743006
2/3/2018,253832266.6,7299,2203996416,0.994071,2488529920,0,5151,3853.605698
2/4/2018,223104166.5,7739,2226848256,1,2504640000,0,5909,5081.322291
2/5/2018,424323865.5,8857,2207815424,0.995794,4078980096,0,5604,3958.28115
2/6/2018,384143593.8,9607,2169471488,0.9785,6247249920,0,5587,4398.3575
2/7/2018,277695334.8,6603,2221905664,1,3307539968,0,4281,3000
2/8/2018,342075750.9,4225,2205988096,0.99497,2466619904,0,3112,2457.5759
2/9/2018,170852641,3792,2263895552,1.02,1631139968,0,2337,3820.349205
2/10/2018,246396133.7,4977,2224852736,1,2628379904,0,2826,5000
2/11/2018,253457921.2,3879,2228046592,1,2431739904,0,2073,6595.440307
2/12/2018,213837154.3,3951,2217608960,1,2457489920,0,2292,4347
2/13/2018,159920241.5,3676,2218904320,1,2226759936,0,2167,3874.7554
2/14/2018,173358245.7,3963,2212075776,0.997715,3066190080,0,2331,4674.294775
2/15/2018,213390497.1,4227,2228322048,1.01,3286909952,0,2418,4775.065736
2/16/2018,136119342.6,3909,2228312064,1.01,2605819904,0,2765,2020
2/17/2018,168641570.9,3626,2227641856,1,2797600000,0,2099,3307.635717
2/18/2018,139038721,3361,2227521024,1,3124179968,0,2029,3798
2/19/2018,130930893.1,3172,2220089088,1,2546439936,0,1907,3074
2/20/2018,198163192.4,3863,2218574848,1,3126220032,0,2326,3025
2/21/2018,267847535,5523,2229033728,1.01,3459830016,0,2953,4080.4
2/22/2018,801500150.2,4322,2220534528,1,2904620032,0,2451,3677.285768
2/23/2018,244155141.1,4551,2235883264,1.01,2815280128,0,2816,2217.082933
2/24/2018,243160888.9,3542,2219662080,1,2417710080,0,2240,3962.565659
2/25/2018,102619010.1,2377,2227758336,1,1968850048,0,1581,2210.3
2/26/2018,190250960.6,6283,2211961600,0.997664,2362210048,0,4824,2823.38912
2/27/2018,171089780.8,7388,2214207488,0.998677,2473019904,0,5653,2571.593275
2/28/2018,145495582.4,3722,2224427520,1,2414230016,0,2382,2791.6
3/1/2018,168506870.1,4360,2216801280,0.999847,2285570048,0,2862,2098.092643
3/2/2018,164351218.8,3435,2213125120,0.998189,2172250112,0,2064,3398.833545
3/3/2018,123518128.6,3063,2206604800,0.995248,2181489920,0,1771,2513.623794
3/4/2018,118973184.6,2493,2217572864,1,2133910016,0,1554,2623
3/5/2018,246768727.1,3609,2211643648,0.997521,2227680000,0,2150,2653.749053
3/6/2018,279575695.1,9940,2228314880,1.01,2491849984,0,8440,3737
3/7/2018,294398824.2,16480,2213490432,0.998354,3037380096,0,14715,1878.180992
3/8/2018,272498011.8,5394,2220542208,1,2636689920,0,3151,3555.722919
3/9/2018,338077556.3,6887,2216526848,0.999723,3131620096,0,4207,2702.851103
3/10/2018,164877040.7,4061,2211836160,0.997607,2218810112,0,2658,6790.081958
3/11/2018,194444873.5,4422,2224830208,1,2394810112,0,3184,8699.428113
3/12/2018,195616576.4,9180,2217541888,1,2155559936,0,7795,864.710349
3/13/2018,274895331.1,12506,2221213440,1,1890040064,0,11103,410
3/14/2018,248779719.6,5874,2209560576,0.996581,2151670016,0,3650,1485.947766
3/15/2018,455499650.5,6636,2218615040,1,2259869952,0,3569,4028.4
3/16/2018,318982163.5,4840,2211618048,0.997509,1872050048,0,2879,2691.977538
3/17/2018,275038142.6,3661,2220585984,1,1687920000,0,2098,2840.927079
3/18/2018,342601640.3,5937,2228614400,1.01,2639470080,0,3480,2765.662598
3/19/2018,513286612.6,7284,2177662464,0.982194,2638089984,0,4094,6284.077212
3/20/2018,335153513.2,5571,2230491648,1.01,2506319872,300000000,3222,5234.07742
3/21/2018,416977640.8,6449,2210352896,0.996938,2353890048,0,4135,7714.983165
3/22/2018,638245687.6,5857,2215943680,0.99946,2171849984,0,3867,5997.344944
3/23/2018,329169778.1,5500,2285359104,0.999221,1995699968,0,3333,4016.86842
3/24/2018,125880690.2,4270,2290888192,1,1785500032,0,2661,2980
3/25/2018,114475592.1,3842,2287422976,1,1511320064,0,2543,2423.057747
3/26/2018,260992726.8,5267,2279363584,0.9966,2183960064,0,3022,2981.727817
3/27/2018,345059932.1,6407,2292673280,1,2051079936,0,4107,1719.9737
3/28/2018,316454889.4,4700,2292350208,1,1857049984,0,2914,2380.782194
3/29/2018,275591847.5,5396,2293081088,1,2486609920,0,2994,2925.15
3/30/2018,461237410.2,6846,2277757696,0.995897,2596849920,0,3527,3379.49962
3/31/2018,137558566.8,3948,2280312320,0.997014,1763719936,0,2447,1969.10265
4/1/2018,153496514,4292,2277309696,0.995702,1832530048,0,2797,2428.766104
4/2/2018,172498000.6,3433,2294764288,1,1550880000,0,1956,2110.21669
4/3/2018,151372142.8,4040,2281622016,0.997587,1753520000,0,2243,2065.00509
4/4/2018,289707368,4232,2296236032,1,1772329984,0,2406,3009.854334
4/5/2018,127763175.8,3525,2291818752,1,1609469952,0,1909,2100
4/6/2018,105111882.4,3181,2287853312,1,1257110016,0,1772,1975
4/7/2018,154342649.4,3044,2291127296,1,1332259968,0,1641,2482.665116
4/8/2018,105281099.5,5925,2290638080,1,1090880000,0,4595,5700
4/9/2018,176401033.8,5804,2281515776,0.997541,1678770048,0,3714,3555.16081
4/10/2018,112104478.6,6299,2280170752,0.996953,1253949952,0,4626,2628.965061
4/11/2018,175570213,4305,2281635328,0.997593,1741699968,0,2255,2713.463528
4/12/2018,345645336.4,10816,2278925824,0.996408,3636590080,0,7472,1606.032086
4/13/2018,327844945.6,11193,2277623040,0.995839,3218919936,0,7204,995.839
4/14/2018,190676699,4976,2291314944,1,2060220032,0,2676,2938.239507
4/15/2018,140804388.3,4685,2278695680,0.996308,2057859968,0,2484,2949.07168
4/16/2018,211599040.1,5510,2284588800,0.998884,2125180032,0,2896,2806.493754
4/17/2018,186466551.9,5898,2280775936,0.997217,2075650048,0,3044,2705.449721
4/18/2018,198306407.8,5529,2288648192,1,2112089984,0,2883,2149.34
4/19/2018,181325649.6,6634,2282352640,0.997907,2217799936,0,3547,2353.638112
4/20/2018,279573150.1,7788,2281536512,0.99755,3458870016,0,4098,2493.875
4/21/2018,403101018.9,7526,2280442368,0.997071,3570040064,0,4087,2800.614104
4/22/2018,271410734.3,7882,2297004288,1,3176019968,0,4338,2715.571504
4/23/2018,353379936.9,12022,2276002560,0.99513,3075480064,0,8310,1003.09104
4/24/2018,358605962.9,13004,2284794368,0.998974,5033249792,0,8204,1517.426521
4/25/2018,676602317.4,8856,2298787072,1.01,6126580224,0,4908,2585.892637
4/26/2018,359570548.6,8985,2422597632,1,4206320128,0,4887,3090
4/27/2018,345178777.1,8818,2422085632,1,4060179968,0,4795,2898.9841
4/28/2018,619007834.8,27581,2419018496,1,4066050048,0,22406,2000
4/29/2018,423246703.1,11583,2414399488,0.998866,5167799808,0,5690,2704.929128
4/30/2018,336626401.1,9143,2411225600,0.997553,4498440192,0,4297,3268.981181
5/1/2018,190120793.1,7595,2417739776,1,3901110016,0,3764,2880.195252
5/2/2018,468948500.7,9341,2418639872,1,3711889920,0,4614,2526.052307
5/3/2018,463649070.1,11473,2308492032,0.996267,4307829760,0,5673,2988.801
5/4/2018,578468683.5,10624,2330611456,1.01,3844979968,0,5455,3087.700008
5/5/2018,347349861.1,11011,2265890048,0.999448,3848780032,0,5516,2998.344
5/6/2018,371897437.7,8359,2257858560,0.995906,3948859904,0,4132,3027.534322
5/7/2018,625975769,9462,2186926336,0.995351,4137240064,0,5063,3583.2636
5/8/2018,562139161,15548,2154433280,0.998745,3317769984,0,10514,1997.789624
5/9/2018,649494039.3,8851,2111399296,1,3236689920,0,4343,3000
5/10/2018,506609438.8,9402,2105922944,0.999422,3430200064,0,4778,3051.235366
5/11/2018,508808738.2,11088,2115716480,1,4733060096,0,5662,2990
5/12/2018,548917907.8,9717,2106613760,0.99975,4539990016,0,4596,3941.846292
5/13/2018,216180675.2,6157,2208214016,1,3179099904,0,3238,2870.5055
5/14/2018,323700980.3,8743,2211479040,1,3820280064,0,4654,3250
5/15/2018,316805467.6,8581,2208327168,1,3315440128,0,4400,3226
5/16/2018,521212927,10138,2211882240,1,3238190080,0,5373,2756.014298
5/17/2018,347038197.3,8229,2308562176,1,3026749952,0,4307,3000
5/18/2018,760648183.6,9309,2312893696,1,3051709952,250000000,5020,3000.9
5/19/2018,157724456.1,6470,2507663360,1,2569299968,0,3634,2877.4
5/20/2018,156827602.2,5418,2510830592,1,2610939904,0,3116,2670.087012
5/21/2018,270942016.3,7119,2506117888,0.999592,2406449920,0,3951,2798.8576
5/22/2018,269025336.9,6433,2514989312,1,2417590016,0,3408,3086.8
5/23/2018,553239407.4,10222,2509060608,1,3360600064,0,5832,2686.688015
5/24/2018,396919708.2,7888,2510526720,1,3122710016,0,4190,3039.39075
5/25/2018,318328632.1,7017,2505365504,0.999292,2375610112,0,4001,2098.5132
5/26/2018,121329103.5,5256,2514587648,1,1872140032,0,3067,1481.603073
5/27/2018,307714416.4,5052,2511545856,1,1885900032,0,2631,2560.8566
5/28/2018,575923263.4,11068,2508579584,1,2582710016,0,6940,2990
5/29/2018,421874799.2,9331,2505311744,0.99927,3003919872,0,5042,3585.38076
5/30/2018,239187330.4,7969,2505854720,0.999487,2429060096,0,4696,1969.519118
5/31/2018,300466668.5,8360,2512157952,1,2613339904,0,4279,2155.17725
6/1/2018,283787494.4,7240,2504852992,0.999088,2486080000,0,3699,2807.964923
6/2/2018,199065601.6,6549,2507596288,1,3187569920,0,3322,2106.035481
6/3/2018,181084251.7,6544,2487158272,0.99203,2796300032,0,3532,1984.06
6/4/2018,276393828.3,7815,2501409792,0.997714,2798279936,0,4116,2283.767346
6/5/2018,238673352.3,7727,2505292800,0.999263,2796069888,0,4039,2343.371661
6/6/2018,282085379.1,8648,2501917952,0.997917,2508359936,0,4341,2531.678778
6/7/2018,244320120.6,10076,2505795072,0.999463,2554540032,0,4926,2612.261462
6/8/2018,194057003.5,8421,2506991104,0.99994,2219579904,0,4205,2177.429346
6/9/2018,199293078,8368,2512298240,1,2006880000,0,4481,1611.268
6/10/2018,380814666.4,10911,2530640128,1.01,3845029888,0,5273,2262.4
6/11/2018,499738185.4,13152,2520418816,1.01,2913220096,0,6636,3401.375741
6/12/2018,517747177,12930,2517265408,1,2702340096,0,5987,2553.630148
6/13/2018,670567224.9,15092,2519058176,1,3056750080,0,7033,3134.5
6/14/2018,456676258.8,14278,2512021760,1,3104209920,0,7334,2590.663939
6/15/2018,472479392.2,12839,2511217920,1,2376110080,0,6462,2289.96618
6/16/2018,230898416.4,9546,2617234944,1,1797939968,0,4812,2022
6/17/2018,231780226.9,9724,2619828992,1,1548390016,0,4750,2097.76675
6/18/2018,316673720.7,10973,2615990784,1,2073910016,0,5185,2000
6/19/2018,334227386,12957,2616600576,1,2253370112,0,6953,2641.6859
6/20/2018,334169670.6,13373,2611605760,1,2215259904,0,6903,2000
6/21/2018,312832051.6,14323,2608547072,1,2017639936,0,7429,2276.7205
6/22/2018,442213525.8,14967,2610382848,1,3747810048,0,7680,2424
6/23/2018,237459259.3,11563,2610703616,1,2500859904,0,5715,1796
6/24/2018,371625571.4,12739,2604208384,0.998875,3952620032,0,6180,2132.598125
6/25/2018,508999476.4,13827,2619836928,1,3956019968,250000000,6981,2256
6/26/2018,303515390.8,11480,2703983616,0.998834,2025110016,0,5804,1991.605078
6/27/2018,364153361.9,11184,2713609216,1,2055360000,0,5412,2000
6/28/2018,268673087.9,10709,2703953152,0.998823,2331049984,0,5223,1992.651885
6/29/2018,307027787.8,10878,2696439040,0.996047,2482319872,0,5546,2030.939833
6/30/2018,269251572.6,11231,2715288832,1,2540620032,0,5855,2454.679
7/1/2018,211461961.2,11991,2699893248,0.997323,3653040128,0,6352,1991.554299
7/2/2018,303760185.5,15548,2705521408,0.999402,2787729920,0,8168,2098.7442
7/3/2018,432166457.7,14256,2700223488,0.997445,2786769920,0,7709,1994.89
7/4/2018,288936655.7,16058,2704046080,0.998857,2638139904,0,9149,3002.494222
7/5/2018,328126197,14905,2710307840,1,3606159872,0,7934,2051.558971
7/6/2018,377551351.9,13423,2726117376,1.01,2460250112,0,6812,2009.9
7/7/2018,273716156.5,11511,2611572480,1,2134790016,0,6285,1676.71
7/8/2018,191212432.4,11092,2619159040,1,2142080000,0,5662,1666.5
7/9/2018,344758147.1,13980,2619133440,1,2358560000,0,7183,1787.75
7/10/2018,333151839.7,13548,2626198528,1.01,2974149888,0,7022,2523.91136
7/11/2018,310416403.7,13935,2609512960,1,2524790016,0,7103,2667
7/12/2018,331388401.8,11466,2613084672,1,2404160000,0,6089,2051
7/13/2018,240814509.5,11179,2705453824,0.999377,2279970048,0,6408,2173.404761
7/14/2018,860232351.9,11149,2713231360,1,1620770048,0,6397,2145.9
7/15/2018,163783982.1,8310,2713583360,1,1919559936,0,4458,1800
7/16/2018,288709531.6,11601,2704340992,0.998966,2864659968,0,6085,1999.929932
7/17/2018,381102058.6,12985,2713393920,1,3620499968,0,6818,2028.399731
7/18/2018,380531277.3,15572,2705721856,0.999476,4082030080,0,7857,2341.541557
7/19/2018,353623742.9,12422,2709333248,1,3188349952,0,6369,1994.571
7/20/2018,400403383.2,11715,2704219392,0.998921,3072349952,0,5768,1997.842
7/21/2018,159160711.8,8796,2660594688,1,2164900096,0,4833,1600
7/22/2018,182721946.1,7657,2660381952,1,2209939968,0,4000,1322
7/23/2018,471033675.7,10317,2659345920,1,2808819968,0,5062,2481.12
7/24/2018,712129312.1,14013,2601712384,0.997918,4417310208,0,8153,1381.803692
7/25/2018,359697811.2,13362,2488015872,0.992372,3514560000,0,6774,1980.4768
7/26/2018,365979289.9,11645,2498967040,0.99674,2894500096,0,6382,2486.8663
7/27/2018,247790803.6,12242,2506019840,0.999553,3092310016,0,7392,1334.848197
7/28/2018,164004644.9,8177,2496123904,0.995606,2298899968,0,4715,1966.37163
7/29/2018,220882400,7312,2498121984,0.996403,2404489984,0,4066,1918.41229
7/30/2018,350924070.1,10005,2505427945,0.999317,4311410000,0,5303,2312.338337
7/31/2018,518276606.2,11322,2506409448,0.999708,3253100000,0,5864,2315.323728
8/1/2018,292276964.4,11127,2460207729,0.999215,3059190000,0,6094,2037.1256
8/2/2018,320129497.2,9709,2394134850,0.998746,2539460000,0,5518,1894.177874
8/3/2018,425716477.2,11727,2420488021,1,2843800000,0,6858,1595
8/4/2018,205637161,6938,2437593282,1,2526060000,0,3830,2091.5
8/5/2018,126902189.1,8549,2432197417,0.997972,2204100000,0,5803,852.268088
8/6/2018,221797199.7,9465,2441614795,1,2336390000,0,5062,1495
8/7/2018,275872367.5,10400,2435715878,0.999416,2942000000,0,5545,1795.537146
8/8/2018,494773486.1,12711,2441134258,1,3421800000,0,6552,2248.062396
8/9/2018,283227640.4,9348,2408916875,1,2626630000,0,5108,1980
8/10/2018,262251186,8606,2410359103,1,2887490000,0,4441,2154.385
8/11/2018,305250279.6,8816,2407960746,1,2630390000,0,4638,2103.55477
8/12/2018,135441392.2,6748,2421279979,1.01,4066320000,0,3592,1642.26
